date,상
2013-12-30,812.0
2013-12-31,905.0
2014-01-02,836.0
2014-01-03,818.0
2014-01-04,832.0
2014-01-06,813.0
2014-01-07,812.0
2014-01-08,777.0
2014-01-09,745.0
2014-01-10,714.0
2014-01-11,725.0
2014-01-13,752.0
2014-01-14,798.0
2014-01-15,766.0
2014-01-16,751.0
2014-01-17,731.0
2014-01-18,733.0
2014-01-20,747.0
2014-01-21,761.0
2014-01-22,739.0
2014-01-23,733.0
2014-01-24,695.0
2014-01-25,726.0
2014-01-27,749.0
2014-01-28,756.0
2014-01-29,749.0
2014-01-30,749.0
2014-02-03,849.0
2014-02-04,762.0
2014-02-05,758.0
2014-02-06,729.0
2014-02-07,737.0
2014-02-08,723.0
2014-02-10,741.0
2014-02-11,725.0
2014-02-12,747.0
2014-02-13,723.0
2014-02-14,693.0
2014-02-15,688.0
2014-02-17,678.0
2014-02-18,674.0
2014-02-19,681.0
2014-02-20,664.0
2014-02-21,671.0
2014-02-22,650.0
2014-02-24,650.0
2014-02-25,661.0
2014-02-26,690.0
2014-02-27,648.0
2014-02-28,633.0
2014-03-01,604.0
2014-03-03,590.0
2014-03-04,583.0
2014-03-05,583.0
2014-03-06,576.0
2014-03-07,540.0
2014-03-08,504.0
2014-03-10,511.0
2014-03-11,499.0
2014-03-12,510.0
2014-03-13,525.0
2014-03-14,517.0
2014-03-15,505.0
2014-03-17,520.0
2014-03-18,545.0
2014-03-19,515.0
2014-03-20,515.0
2014-03-21,538.0
2014-03-22,566.0
2014-03-24,573.0
2014-03-25,583.0
2014-03-26,618.0
2014-03-27,593.0
2014-03-28,636.0
2014-03-29,640.0
2014-03-31,619.0
2014-04-01,620.0
2014-04-02,645.0
2014-04-03,681.0
2014-04-04,680.0
2014-04-05,627.0
2014-04-07,600.0
2014-04-08,624.0
2014-04-09,643.0
2014-04-10,614.0
2014-04-11,599.0
2014-04-12,625.0
2014-04-14,655.0
2014-04-15,614.0
2014-04-16,651.0
2014-04-17,676.0
2014-04-18,714.0
2014-04-19,721.0
2014-04-21,698.0
2014-04-22,734.0
2014-04-23,688.0
2014-04-24,701.0
2014-04-25,648.0
2014-04-26,632.0
2014-04-28,628.0
2014-04-29,689.0
2014-04-30,691.0
2014-05-01,674.0
2014-05-02,648.0
2014-05-03,659.0
2014-05-05,631.0
2014-05-06,655.0
2014-05-07,614.0
2014-05-08,559.0
2014-05-09,577.0
2014-05-10,561.0
2014-05-12,490.0
2014-05-13,530.0
2014-05-14,582.0
2014-05-15,688.0
2014-05-16,589.0
2014-05-17,523.0
2014-05-19,461.0
2014-05-20,475.0
2014-05-21,506.0
2014-05-22,474.0
2014-05-23,453.0
2014-05-24,405.0
2014-05-26,397.0
2014-05-27,390.0
2014-05-28,441.0
2014-05-29,441.0
2014-05-30,444.0
2014-05-31,442.0
2014-06-02,411.0
2014-06-03,482.0
2014-06-04,489.0
2014-06-05,511.0
2014-06-06,529.0
2014-06-07,525.0
2014-06-09,487.0
2014-06-10,463.0
2014-06-11,407.0
2014-06-12,381.0
2014-06-13,414.0
2014-06-14,406.0
2014-06-16,382.0
2014-06-17,387.0
2014-06-18,420.0
2014-06-19,370.0
2014-06-20,356.0
2014-06-21,337.0
2014-06-23,350.0
2014-06-24,486.0
2014-06-25,441.0
2014-06-26,423.0
2014-06-27,432.0
2014-06-28,427.0
2014-06-30,446.0
2014-07-01,411.0
2014-07-02,398.0
2014-07-03,374.0
2014-07-04,368.0
2014-07-05,424.0
2014-07-07,428.0
2014-07-08,410.0
2014-07-09,390.0
2014-07-10,384.0
2014-07-11,388.0
2014-07-12,427.0
2014-07-14,431.0
2014-07-15,458.0
2014-07-16,456.0
2014-07-17,475.0
2014-07-18,525.0
2014-07-19,529.0
2014-07-21,513.0
2014-07-22,496.0
2014-07-23,467.0
2014-07-24,453.0
2014-07-25,425.0
2014-07-26,484.0
2014-07-28,554.0
2014-07-29,538.0
2014-07-30,555.0
2014-07-31,560.0
2014-08-01,593.0
2014-08-04,600.0
2014-08-05,583.0
2014-08-06,562.0
2014-08-07,560.0
2014-08-08,599.0
2014-08-09,601.0
2014-08-11,566.0
2014-08-12,596.0
2014-08-13,560.0
2014-08-14,518.0
2014-08-15,555.0
2014-08-16,580.0
2014-08-18,571.0
2014-08-19,576.0
2014-08-20,527.0
2014-08-21,551.0
2014-08-22,533.0
2014-08-23,515.0
2014-08-25,507.0
2014-08-26,556.0
2014-08-27,516.0
2014-08-28,531.0
2014-08-29,528.0
2014-08-30,528.0
2014-09-01,562.0
2014-09-02,573.0
2014-09-03,534.0
2014-09-04,533.0
2014-09-05,532.0
2014-09-06,535.0
2014-09-11,565.0
2014-09-12,569.0
2014-09-13,601.0
2014-09-15,592.0
2014-09-16,604.0
2014-09-17,596.0
2014-09-18,576.0
2014-09-19,537.0
2014-09-20,550.0
2014-09-22,543.0
2014-09-23,536.0
2014-09-24,516.0
2014-09-25,509.0
2014-09-26,490.0
2014-09-27,508.0
2014-09-29,515.0
2014-09-30,523.0
2014-10-01,513.0
2014-10-02,506.0
2014-10-03,498.0
2014-10-04,508.0
2014-10-06,525.0
2014-10-07,521.0
2014-10-08,521.0
2014-10-09,499.0
2014-10-10,488.0
2014-10-11,494.0
2014-10-13,505.0
2014-10-14,515.0
2014-10-15,515.0
2014-10-16,532.0
2014-10-17,513.0
2014-10-18,522.0
2014-10-20,551.0
2014-10-21,538.0
2014-10-22,526.0
2014-10-23,539.0
2014-10-24,517.0
2014-10-25,542.0
2014-10-27,565.0
2014-10-28,563.0
2014-10-29,559.0
2014-10-30,560.0
2014-10-31,547.0
2014-11-01,534.0
2014-11-03,534.0
2014-11-04,557.0
2014-11-05,556.0
2014-11-06,558.0
2014-11-07,560.0
2014-11-08,541.0
2014-11-10,550.0
2014-11-11,550.0
2014-11-12,529.0
2014-11-13,504.0
2014-11-14,512.0
2014-11-15,515.0
2014-11-17,514.0
2014-11-18,516.0
2014-11-19,500.0
2014-11-20,484.0
2014-11-21,480.0
2014-11-22,508.0
2014-11-24,512.0
2014-11-25,506.0
2014-11-26,511.0
2014-11-27,499.0
2014-11-28,489.0
2014-11-29,529.0
2014-12-01,544.0
2014-12-02,541.0
2014-12-03,538.0
2014-12-04,537.0
2014-12-05,537.0
2014-12-06,535.0
2014-12-08,544.0
2014-12-09,558.0
2014-12-10,586.0
2014-12-11,592.0
2014-12-12,571.0
2014-12-13,590.0
2014-12-15,580.0
2014-12-16,582.0
2014-12-17,552.0
2014-12-18,507.0
2014-12-19,558.0
2014-12-20,588.0
2014-12-22,620.0
2014-12-23,600.0
2014-12-24,609.0
2014-12-25,602.0
2014-12-26,601.0
2014-12-27,586.0
2014-12-29,578.0
2014-12-30,565.0
2014-12-31,556.0
2015-01-01,556.0
2015-01-02,556.0
2015-01-03,565.0
2015-01-05,581.0
2015-01-06,590.0
2015-01-07,561.0
2015-01-08,528.0
2015-01-09,530.0
2015-01-10,521.0
2015-01-12,545.0
2015-01-13,542.0
2015-01-14,539.0
2015-01-15,529.0
2015-01-16,541.0
2015-01-17,552.0
2015-01-19,568.0
2015-01-20,548.0
2015-01-21,555.0
2015-01-22,572.0
2015-01-23,564.0
2015-01-24,566.0
2015-01-26,545.0
2015-01-27,547.0
2015-01-28,545.0
2015-01-29,549.0
2015-01-30,560.0
2015-01-31,544.0
2015-02-02,574.0
2015-02-03,562.0
2015-02-04,539.0
2015-02-05,572.0
2015-02-06,575.0
2015-02-07,585.0
2015-02-09,589.0
2015-02-10,590.0
2015-02-11,603.0
2015-02-12,619.0
2015-02-13,622.0
2015-02-14,652.0
2015-02-16,681.0
2015-02-17,676.0
2015-02-18,676.0
2015-02-23,828.0
2015-02-24,864.0
2015-02-25,863.0
2015-02-26,845.0
2015-02-27,816.0
2015-02-28,709.0
2015-03-02,727.0
2015-03-03,737.0
2015-03-04,758.0
2015-03-05,771.0
2015-03-06,771.0
2015-03-07,743.0
2015-03-09,714.0
2015-03-10,677.0
2015-03-11,644.0
2015-03-12,630.0
2015-03-13,646.0
2015-03-14,722.0
2015-03-16,686.0
2015-03-17,703.0
2015-03-18,666.0
2015-03-19,679.0
2015-03-20,650.0
2015-03-21,607.0
2015-03-23,636.0
2015-03-24,668.0
2015-03-25,690.0
2015-03-26,685.0
2015-03-27,732.0
2015-03-28,729.0
2015-03-30,732.0
2015-03-31,773.0
2015-04-01,781.0
2015-04-02,797.0
2015-04-03,788.0
2015-04-04,800.0
2015-04-06,800.0
2015-04-07,862.0
2015-04-08,896.0
2015-04-09,887.0
2015-04-10,790.0
2015-04-11,675.0
2015-04-13,691.0
2015-04-14,784.0
2015-04-15,710.0
2015-04-16,690.0
2015-04-17,708.0
2015-04-18,673.0
2015-04-20,724.0
2015-04-21,846.0
2015-04-22,965.0
2015-04-23,931.0
2015-04-24,917.0
2015-04-25,797.0
2015-04-27,722.0
2015-04-28,701.0
2015-04-29,798.0
2015-04-30,839.0
2015-05-01,818.0
2015-05-02,843.0
2015-05-04,830.0
2015-05-05,861.0
2015-05-06,822.0
2015-05-07,768.0
2015-05-08,759.0
2015-05-09,738.0
2015-05-11,754.0
2015-05-12,817.0
2015-05-13,850.0
2015-05-14,801.0
2015-05-15,748.0
2015-05-16,732.0
2015-05-18,637.0
2015-05-19,701.0
2015-05-20,754.0
2015-05-21,715.0
2015-05-22,672.0
2015-05-23,673.0
2015-05-25,650.0
2015-05-26,650.0
2015-05-27,618.0
2015-05-28,606.0
2015-05-29,580.0
2015-05-30,612.0
2015-06-01,707.0
2015-06-02,686.0
2015-06-03,710.0
2015-06-04,745.0
2015-06-05,808.0
2015-06-06,939.0
2015-06-08,875.0
2015-06-09,941.0
2015-06-10,890.0
2015-06-11,868.0
2015-06-12,860.0
2015-06-13,856.0
2015-06-15,870.0
2015-06-16,966.0
2015-06-17,1005.0
2015-06-18,1051.0
2015-06-19,1141.0
2015-06-20,1352.0
2015-06-22,1320.0
2015-06-23,1138.0
2015-06-24,1162.0
2015-06-25,1118.0
2015-06-26,1171.0
2015-06-27,1249.0
2015-06-29,1218.0
2015-06-30,1237.0
2015-07-01,1235.0
2015-07-02,1222.0
2015-07-03,1212.0
2015-07-04,1213.0
2015-07-06,1198.0
2015-07-07,1179.0
2015-07-08,1196.0
2015-07-09,1161.0
2015-07-10,1192.0
2015-07-11,1199.0
2015-07-13,1211.0
2015-07-14,1217.0
2015-07-15,1229.0
2015-07-16,1240.0
2015-07-17,1253.0
2015-07-18,1280.0
2015-07-20,1307.0
2015-07-21,1320.0
2015-07-22,1349.0
2015-07-23,1343.0
2015-07-24,1349.0
2015-07-25,1385.0
2015-07-27,1353.0
2015-07-28,1410.0
2015-07-29,1412.0
2015-07-30,1462.0
2015-07-31,1405.0
2015-08-03,1434.0
2015-08-04,1424.0
2015-08-05,1427.0
2015-08-06,1381.0
2015-08-07,1336.0
2015-08-08,1341.0
2015-08-10,1330.0
2015-08-11,1378.0
2015-08-12,1369.0
2015-08-13,1392.0
2015-08-14,1394.0
2015-08-15,1414.0
2015-08-17,1489.0
2015-08-18,1504.0
2015-08-19,1490.0
2015-08-20,1493.0
2015-08-21,1457.0
2015-08-22,1433.0
2015-08-24,1475.0
2015-08-25,1532.0
2015-08-26,1537.0
2015-08-27,1444.0
2015-08-28,1387.0
2015-08-29,1389.0
2015-08-31,1380.0
2015-09-01,1395.0
2015-09-02,1389.0
2015-09-03,1364.0
2015-09-04,1354.0
2015-09-05,1343.0
2015-09-07,1364.0
2015-09-08,1364.0
2015-09-09,1358.0
2015-09-10,1367.0
2015-09-11,1348.0
2015-09-12,1351.0
2015-09-14,1346.0
2015-09-15,1354.0
2015-09-16,1356.0
2015-09-17,1363.0
2015-09-18,1344.0
2015-09-19,1332.0
2015-09-21,1341.0
2015-09-22,1367.0
2015-09-23,1378.0
2015-09-24,1384.0
2015-09-25,1361.0
2015-09-26,1361.0
2015-09-30,1323.0
2015-10-01,1350.0
2015-10-02,1371.0
2015-10-03,1447.0
2015-10-05,1489.0
2015-10-06,1541.0
2015-10-07,1546.0
2015-10-08,1451.0
2015-10-09,1445.0
2015-10-10,1411.0
2015-10-12,1375.0
2015-10-13,1365.0
2015-10-14,1388.0
2015-10-15,1385.0
2015-10-16,1365.0
2015-10-17,1376.0
2015-10-19,1392.0
2015-10-20,1408.0
2015-10-21,1424.0
2015-10-22,1418.0
2015-10-23,1456.0
2015-10-24,1527.0
2015-10-26,1554.0
2015-10-27,1509.0
2015-10-28,1480.0
2015-10-29,1470.0
2015-10-30,1465.0
2015-10-31,1477.0
2015-11-02,1477.0
2015-11-03,1509.0
2015-11-04,1571.0
2015-11-05,1639.0
2015-11-06,1717.0
2015-11-07,1721.0
2015-11-09,1723.0
2015-11-10,1696.0
2015-11-11,1655.0
2015-11-12,1556.0
2015-11-13,1531.0
2015-11-14,1511.0
2015-11-16,1618.0
2015-11-17,1623.0
2015-11-18,1618.0
2015-11-19,1594.0
2015-11-20,1627.0
2015-11-21,1749.0
2015-11-23,1943.0
2015-11-24,1822.0
2015-11-25,1839.0
2015-11-26,1833.0
2015-11-27,1816.0
2015-11-28,1792.0
2015-11-30,1784.0
2015-12-01,1776.0
2015-12-02,1762.0
2015-12-03,1714.0
2015-12-04,1625.0
2015-12-05,1601.0
2015-12-07,1660.0
2015-12-08,1646.0
2015-12-09,1588.0
2015-12-10,1573.0
2015-12-11,1571.0
2015-12-12,1570.0
2015-12-14,1582.0
2015-12-15,1539.0
2015-12-16,1492.0
2015-12-17,1496.0
2015-12-18,1444.0
2015-12-19,1455.0
2015-12-21,1474.0
2015-12-22,1490.0
2015-12-23,1487.0
2015-12-24,1488.0
2015-12-25,1508.0
2015-12-26,1565.0
2015-12-28,1546.0
2015-12-29,1570.0
2015-12-30,1647.0
2015-12-31,1761.0
2016-01-04,1829.0
2016-01-05,1718.0
2016-01-06,1604.0
2016-01-07,1504.0
2016-01-08,1448.0
2016-01-09,1445.0
2016-01-11,1429.0
2016-01-12,1403.0
2016-01-13,1387.0
2016-01-14,1389.0
2016-01-15,1394.0
2016-01-16,1376.0
2016-01-18,1507.0
2016-01-19,1521.0
2016-01-20,1448.0
2016-01-21,1474.0
2016-01-22,1503.0
2016-01-23,1508.0
2016-01-25,1577.0
2016-01-26,1691.0
2016-01-27,1807.0
2016-01-28,1722.0
2016-01-29,1591.0
2016-01-30,1560.0
2016-02-01,1543.0
2016-02-02,1487.0
2016-02-03,1456.0
2016-02-04,1472.0
2016-02-05,1447.0
2016-02-06,1382.0
2016-02-11,1418.0
2016-02-12,1376.0
2016-02-13,1407.0
2016-02-15,1419.0
2016-02-16,1373.0
2016-02-17,1399.0
2016-02-18,1373.0
2016-02-19,1413.0
2016-02-20,1408.0
2016-02-22,1452.0
2016-02-23,1494.0
2016-02-24,1503.0
2016-02-25,1548.0
2016-02-26,1541.0
2016-02-27,1523.0
2016-02-29,1512.0
2016-03-01,1530.0
2016-03-02,1497.0
2016-03-03,1526.0
2016-03-04,1549.0
2016-03-05,1598.0
2016-03-07,1729.0
2016-03-08,1735.0
2016-03-09,1712.0
2016-03-10,1704.0
2016-03-11,1653.0
2016-03-12,1574.0
2016-03-14,1522.0
2016-03-15,1553.0
2016-03-16,1500.0
2016-03-17,1444.0
2016-03-18,1413.0
2016-03-19,1483.0
2016-03-21,1506.0
2016-03-22,1520.0
2016-03-23,1454.0
2016-03-24,1408.0
2016-03-25,1437.0
2016-03-26,1404.0
2016-03-28,1313.0
2016-03-29,1316.0
2016-03-30,1240.0
2016-03-31,1313.0
2016-04-01,1317.0
2016-04-02,1400.0
2016-04-04,1569.0
2016-04-05,1813.0
2016-04-06,1871.0
2016-04-07,1841.0
2016-04-08,1744.0
2016-04-09,1573.0
2016-04-11,1442.0
2016-04-12,1537.0
2016-04-13,1554.0
2016-04-14,1604.0
2016-04-15,1563.0
2016-04-16,1528.0
2016-04-18,1414.0
2016-04-19,1279.0
2016-04-20,1085.0
2016-04-21,996.0
2016-04-22,977.0
2016-04-23,1032.0
2016-04-25,892.0
2016-04-26,698.0
2016-04-27,587.0
2016-04-28,638.0
2016-04-29,624.0
2016-04-30,713.0
2016-05-02,545.0
2016-05-03,526.0
2016-05-04,583.0
2016-05-05,618.0
2016-05-06,608.0
2016-05-07,635.0
2016-05-09,594.0
2016-05-10,618.0
2016-05-11,730.0
2016-05-12,670.0
2016-05-13,593.0
2016-05-14,574.0
2016-05-16,524.0
2016-05-17,497.0
2016-05-18,506.0
2016-05-19,492.0
2016-05-20,464.0
2016-05-21,451.0
2016-05-23,489.0
2016-05-24,482.0
2016-05-25,526.0
2016-05-26,650.0
2016-05-27,664.0
2016-05-28,730.0
2016-05-30,753.0
2016-05-31,707.0
2016-06-01,630.0
2016-06-02,649.0
2016-06-03,655.0
2016-06-04,648.0
2016-06-06,703.0
2016-06-07,701.0
2016-06-08,713.0
2016-06-09,708.0
2016-06-10,678.0
2016-06-11,686.0
2016-06-13,650.0
2016-06-14,681.0
2016-06-15,695.0
2016-06-16,702.0
2016-06-17,695.0
2016-06-18,697.0
2016-06-20,669.0
2016-06-21,730.0
2016-06-22,723.0
2016-06-23,746.0
2016-06-24,691.0
2016-06-25,701.0
2016-06-27,651.0
2016-06-28,622.0
2016-06-29,594.0
2016-06-30,630.0
2016-07-01,646.0
2016-07-02,700.0
2016-07-04,780.0
2016-07-05,746.0
2016-07-06,729.0
2016-07-07,726.0
2016-07-08,704.0
2016-07-09,693.0
2016-07-11,675.0
2016-07-12,679.0
2016-07-13,656.0
2016-07-14,664.0
2016-07-15,657.0
2016-07-16,645.0
2016-07-18,702.0
2016-07-19,670.0
2016-07-20,676.0
2016-07-21,692.0
2016-07-22,734.0
2016-07-23,749.0
2016-07-25,809.0
2016-07-26,838.0
2016-07-27,808.0
2016-07-28,808.0
2016-07-29,810.0
2016-07-30,810.0
2016-08-01,831.0
2016-08-02,864.0
2016-08-03,842.0
2016-08-04,859.0
2016-08-05,869.0
2016-08-08,918.0
2016-08-09,916.0
2016-08-10,870.0
2016-08-11,829.0
2016-08-12,801.0
2016-08-13,766.0
2016-08-15,796.0
2016-08-16,807.0
2016-08-17,819.0
2016-08-18,816.0
2016-08-19,811.0
2016-08-20,806.0
2016-08-22,819.0
2016-08-23,848.0
2016-08-24,838.0
2016-08-25,874.0
2016-08-26,892.0
2016-08-27,880.0
2016-08-29,892.0
2016-08-30,912.0
2016-08-31,955.0
2016-09-01,928.0
2016-09-02,892.0
2016-09-03,892.0
2016-09-05,867.0
2016-09-06,884.0
2016-09-07,893.0
2016-09-08,871.0
2016-09-09,866.0
2016-09-10,870.0
2016-09-12,875.0
2016-09-13,920.0
2016-09-14,919.0
2016-09-19,980.0
2016-09-20,983.0
2016-09-21,1016.0
2016-09-22,989.0
2016-09-23,936.0
2016-09-24,930.0
2016-09-26,903.0
2016-09-27,893.0
2016-09-28,916.0
2016-09-29,898.0
2016-09-30,888.0
2016-10-01,914.0
2016-10-03,990.0
2016-10-04,965.0
2016-10-05,1013.0
2016-10-06,994.0
2016-10-07,980.0
2016-10-08,978.0
2016-10-10,983.0
2016-10-11,973.0
2016-10-12,950.0
2016-10-13,936.0
2016-10-14,883.0
2016-10-15,935.0
2016-10-17,920.0
2016-10-18,914.0
2016-10-19,899.0
2016-10-20,899.0
2016-10-21,918.0
2016-10-22,928.0
2016-10-24,953.0
2016-10-25,986.0
2016-10-26,960.0
2016-10-27,941.0
2016-10-28,934.0
2016-10-29,954.0
2016-10-31,972.0
2016-11-01,969.0
2016-11-02,965.0
2016-11-03,941.0
2016-11-04,966.0
2016-11-05,985.0
2016-11-07,1000.0
2016-11-08,1079.0
2016-11-09,1057.0
2016-11-10,1044.0
2016-11-11,1045.0
2016-11-12,1039.0
2016-11-14,1046.0
2016-11-15,1028.0
2016-11-16,1026.0
2016-11-17,989.0
2016-11-18,1023.0
2016-11-19,1016.0
2016-11-21,999.0
2016-11-22,1017.0
2016-11-23,999.0
2016-11-24,984.0
2016-11-25,961.0
2016-11-26,963.0
2016-11-28,1005.0
2016-11-29,976.0
2016-11-30,982.0
2016-12-01,977.0
2016-12-02,998.0
2016-12-03,1001.0
2016-12-05,1028.0
2016-12-06,1028.0
2016-12-07,1002.0
2016-12-08,995.0
2016-12-09,979.0
2016-12-10,974.0
2016-12-12,999.0
2016-12-13,979.0
2016-12-14,1016.0
2016-12-15,1011.0
2016-12-16,989.0
2016-12-17,996.0
2016-12-19,1005.0
2016-12-20,1019.0
2016-12-21,1021.0
2016-12-22,1007.0
2016-12-23,1009.0
2016-12-24,1005.0
2016-12-26,978.0
2016-12-27,1014.0
2016-12-28,1022.0
2016-12-29,1046.0
2016-12-30,1086.0
2016-12-31,1092.0
2017-01-03,1105.0
2017-01-04,1159.0
2017-01-05,1234.0
2017-01-06,1265.0
2017-01-07,1280.0
2017-01-09,1298.0
2017-01-10,1278.0
2017-01-11,1232.0
2017-01-12,1179.0
2017-01-13,1117.0
2017-01-14,1105.0
2017-01-16,1199.0
2017-01-17,1254.0
2017-01-18,1228.0
2017-01-19,1209.0
2017-01-20,1245.0
2017-01-21,1271.0
2017-01-23,1211.0
2017-01-24,1257.0
2017-01-25,1300.0
2017-01-26,1329.0
2017-01-27,1329.0
2017-02-01,1327.0
2017-02-02,1393.0
2017-02-03,1397.0
2017-02-04,1406.0
2017-02-06,1383.0
2017-02-07,1365.0
2017-02-08,1306.0
2017-02-09,1315.0
2017-02-10,1304.0
2017-02-11,1319.0
2017-02-13,1344.0
2017-02-14,1345.0
2017-02-15,1324.0
2017-02-16,1286.0
2017-02-17,1305.0
2017-02-18,1264.0
2017-02-20,1262.0
2017-02-21,1285.0
2017-02-22,1310.0
2017-02-23,1349.0
2017-02-24,1367.0
2017-02-25,1383.0
2017-02-27,1395.0
2017-02-28,1375.0
2017-03-01,1366.0
2017-03-02,1360.0
2017-03-03,1368.0
2017-03-04,1353.0
2017-03-06,1378.0
2017-03-07,1420.0
2017-03-08,1389.0
2017-03-09,1356.0
2017-03-10,1353.0
2017-03-11,1333.0
2017-03-13,1336.0
2017-03-14,1365.0
2017-03-15,1294.0
2017-03-16,1326.0
2017-03-17,1337.0
2017-03-18,1334.0
2017-03-20,1333.0
2017-03-21,1354.0
2017-03-22,1403.0
2017-03-23,1541.0
2017-03-24,1571.0
2017-03-25,1637.0
2017-03-27,1820.0
2017-03-28,1865.0
2017-03-29,1848.0
2017-03-30,1673.0
2017-03-31,1464.0
2017-04-01,1434.0
2017-04-03,1366.0
2017-04-04,1436.0
2017-04-05,1523.0
2017-04-06,1483.0
2017-04-07,1282.0
2017-04-08,1223.0
2017-04-10,1171.0
2017-04-11,1193.0
2017-04-12,1176.0
2017-04-13,1236.0
2017-04-14,1093.0
2017-04-15,1001.0
2017-04-17,861.0
2017-04-18,901.0
2017-04-19,925.0
2017-04-20,934.0
2017-04-21,747.0
2017-04-22,676.0
2017-04-24,722.0
2017-04-25,794.0
2017-04-26,775.0
2017-04-27,826.0
2017-04-28,808.0
2017-04-29,1108.0
2017-05-01,741.0
2017-05-02,789.0
2017-05-03,797.0
2017-05-04,806.0
2017-05-05,879.0
2017-05-06,1019.0
2017-05-08,1145.0
2017-05-09,1137.0
2017-05-10,1363.0
2017-05-11,1208.0
2017-05-12,1091.0
2017-05-13,1083.0
2017-05-15,929.0
2017-05-16,941.0
2017-05-17,932.0
2017-05-18,926.0
2017-05-19,911.0
2017-05-20,924.0
2017-05-22,952.0
2017-05-23,934.0
2017-05-24,941.0
2017-05-25,946.0
2017-05-26,1008.0
2017-05-27,978.0
2017-05-29,945.0
2017-05-30,985.0
2017-05-31,1011.0
2017-06-01,998.0
2017-06-02,1015.0
2017-06-03,1030.0
2017-06-05,1076.0
2017-06-06,1096.0
2017-06-07,1097.0
2017-06-08,1190.0
2017-06-09,1178.0
2017-06-10,1138.0
2017-06-12,1115.0
2017-06-13,1141.0
2017-06-14,1113.0
2017-06-15,1062.0
2017-06-16,1047.0
2017-06-17,1035.0
2017-06-19,1029.0
2017-06-20,1062.0
2017-06-21,1021.0
2017-06-22,988.0
2017-06-23,1020.0
2017-06-24,1066.0
2017-06-26,1137.0
2017-06-27,1132.0
2017-06-28,1141.0
2017-06-29,1108.0
2017-06-30,1089.0
2017-07-01,1189.0
2017-07-03,1184.0
2017-07-04,1169.0
2017-07-05,1149.0
2017-07-06,1087.0
2017-07-07,1120.0
2017-07-08,1117.0
2017-07-10,1172.0
2017-07-11,1219.0
2017-07-12,1224.0
2017-07-13,1215.0
2017-07-14,1224.0
2017-07-15,1214.0
2017-07-17,1183.0
2017-07-18,1170.0
2017-07-19,1154.0
2017-07-20,1137.0
2017-07-21,1152.0
2017-07-22,1142.0
2017-07-24,1156.0
2017-07-25,1179.0
2017-07-26,1180.0
2017-07-27,1210.0
2017-07-28,1180.0
2017-07-29,1153.0
2017-07-31,1160.0
2017-08-01,1259.0
2017-08-02,1251.0
2017-08-03,1319.0
2017-08-04,1289.0
2017-08-07,1249.0
2017-08-08,1296.0
2017-08-09,1265.0
2017-08-10,1217.0
2017-08-11,1234.0
2017-08-12,1231.0
2017-08-14,1255.0
2017-08-15,1277.0
2017-08-16,1278.0
2017-08-17,1259.0
2017-08-18,1199.0
2017-08-19,1183.0
2017-08-21,1207.0
2017-08-22,1177.0
2017-08-23,1169.0
2017-08-24,1141.0
2017-08-25,1107.0
2017-08-26,1099.0
2017-08-28,1115.0
2017-08-29,1118.0
2017-08-30,1136.0
2017-08-31,1128.0
2017-09-01,1135.0
2017-09-02,1166.0
2017-09-04,1194.0
2017-09-05,1234.0
2017-09-06,1224.0
2017-09-07,1239.0
2017-09-08,1215.0
2017-09-09,1246.0
2017-09-11,1239.0
2017-09-12,1234.0
2017-09-13,1200.0
2017-09-14,1187.0
2017-09-15,1175.0
2017-09-16,1174.0
2017-09-18,1177.0
2017-09-19,1163.0
2017-09-20,1167.0
2017-09-21,1136.0
2017-09-22,1117.0
2017-09-23,1153.0
2017-09-25,1171.0
2017-09-26,1170.0
2017-09-27,1192.0
2017-09-28,1163.0
2017-09-29,1151.0
2017-09-30,1170.0
2017-10-02,1213.0
2017-10-03,1213.0
2017-10-07,1263.0
2017-10-09,1291.0
2017-10-10,1339.0
2017-10-11,1258.0
2017-10-12,1234.0
2017-10-13,1205.0
2017-10-14,1223.0
2017-10-16,1207.0
2017-10-17,1239.0
2017-10-18,1207.0
2017-10-19,1182.0
2017-10-20,1152.0
2017-10-21,1144.0
2017-10-23,1141.0
2017-10-24,1126.0
2017-10-25,1129.0
2017-10-26,1115.0
2017-10-27,1130.0
2017-10-28,1129.0
2017-10-30,1140.0
2017-10-31,1169.0
2017-11-01,1166.0
2017-11-02,1203.0
2017-11-03,1207.0
2017-11-04,1222.0
2017-11-06,1214.0
2017-11-07,1235.0
2017-11-08,1245.0
2017-11-09,1236.0
2017-11-10,1201.0
2017-11-11,1203.0
2017-11-13,1170.0
2017-11-14,1144.0
2017-11-15,1160.0
2017-11-16,1159.0
2017-11-17,1172.0
2017-11-18,1205.0
2017-11-20,1241.0
2017-11-21,1220.0
2017-11-22,1213.0
2017-11-23,1174.0
2017-11-24,1187.0
2017-11-25,1176.0
2017-11-27,1191.0
2017-11-28,1186.0
2017-11-29,1179.0
2017-11-30,1216.0
2017-12-01,1180.0
2017-12-02,1169.0
2017-12-04,1171.0
2017-12-05,1163.0
2017-12-06,1160.0
2017-12-07,1164.0
2017-12-08,1140.0
2017-12-09,1131.0
2017-12-11,1120.0
2017-12-12,1131.0
2017-12-13,1112.0
2017-12-14,1104.0
2017-12-15,1117.0
2017-12-16,1181.0
2017-12-18,1225.0
2017-12-19,1218.0
2017-12-20,1151.0
2017-12-21,1127.0
2017-12-22,1124.0
2017-12-23,1187.0
2017-12-25,1119.0
2017-12-26,1104.0
2017-12-27,1095.0
2017-12-28,1075.0
2017-12-29,1119.0
2017-12-30,1164.0
2018-01-03,1138.0
2018-01-04,1161.0
2018-01-05,1166.0
2018-01-06,1172.0
2018-01-08,1160.0
2018-01-09,1130.0
2018-01-10,1084.0
2018-01-11,1064.0
2018-01-12,985.0
2018-01-13,1143.0
2018-01-15,1110.0
2018-01-16,1085.0
2018-01-17,1031.0
2018-01-18,1003.0
2018-01-19,984.0
2018-01-20,966.0
2018-01-22,974.0
2018-01-23,1006.0
2018-01-24,969.0
2018-01-25,880.0
2018-01-26,931.0
2018-01-27,1144.0
2018-01-29,1163.0
2018-01-30,1131.0
2018-01-31,1130.0
2018-02-01,1090.0
2018-02-02,1090.0
2018-02-03,1051.0
2018-02-05,1059.0
2018-02-06,1009.0
2018-02-07,1047.0
2018-02-08,1035.0
2018-02-09,998.0
2018-02-10,1033.0
2018-02-12,1017.0
2018-02-13,1036.0
2018-02-14,1225.0
2018-02-15,1225.0
2018-02-19,1054.0
2018-02-20,1032.0
2018-02-21,999.0
2018-02-22,966.0
2018-02-23,938.0
2018-02-24,861.0
2018-02-26,879.0
2018-02-27,902.0
2018-02-28,910.0
2018-03-01,948.0
2018-03-02,898.0
2018-03-03,932.0
2018-03-05,958.0
2018-03-06,958.0
2018-03-07,859.0
2018-03-08,851.0
2018-03-09,750.0
2018-03-10,757.0
2018-03-12,739.0
2018-03-13,728.0
2018-03-14,713.0
2018-03-15,708.0
2018-03-16,648.0
2018-03-17,622.0
2018-03-19,617.0
2018-03-20,626.0
2018-03-21,661.0
2018-03-22,690.0
2018-03-23,766.0
2018-03-24,761.0
2018-03-26,704.0
2018-03-27,675.0
2018-03-28,606.0
2018-03-29,527.0
2018-03-30,512.0
2018-03-31,538.0
2018-04-02,502.0
2018-04-03,518.0
2018-04-04,570.0
2018-04-05,585.0
2018-04-06,689.0
2018-04-07,710.0
2018-04-09,742.0
2018-04-10,862.0
2018-04-11,879.0
2018-04-12,744.0
2018-04-13,671.0
2018-04-14,637.0
2018-04-16,720.0
2018-04-17,737.0
2018-04-18,775.0
2018-04-19,812.0
2018-04-20,863.0
2018-04-21,941.0
2018-04-23,986.0
2018-04-24,991.0
2018-04-25,972.0
2018-04-26,905.0
2018-04-27,954.0
2018-04-28,969.0
2018-04-30,917.0
2018-05-01,923.0
2018-05-02,950.0
2018-05-03,927.0
2018-05-04,924.0
2018-05-05,801.0
2018-05-07,764.0
2018-05-08,738.0
2018-05-09,758.0
2018-05-10,738.0
2018-05-11,616.0
2018-05-12,609.0
2018-05-14,628.0
2018-05-15,680.0
2018-05-16,614.0
2018-05-17,565.0
2018-05-18,492.0
2018-05-19,536.0
2018-05-21,524.0
2018-05-22,561.0
2018-05-23,562.0
2018-05-24,589.0
2018-05-25,599.0
2018-05-26,585.0
2018-05-28,545.0
2018-05-29,526.0
2018-05-30,512.0
2018-05-31,531.0
2018-06-01,568.0
2018-06-02,662.0
2018-06-04,683.0
2018-06-05,706.0
2018-06-06,703.0
2018-06-07,690.0
2018-06-08,702.0
2018-06-09,720.0
2018-06-11,721.0
2018-06-12,711.0
2018-06-13,713.0
2018-06-14,734.0
2018-06-15,813.0
2018-06-16,821.0
2018-06-18,770.0
2018-06-19,717.0
2018-06-20,677.0
2018-06-21,685.0
2018-06-22,687.0
2018-06-23,673.0
2018-06-25,666.0
2018-06-26,671.0
2018-06-27,682.0
2018-06-28,667.0
2018-06-29,634.0
2018-06-30,564.0
2018-07-02,692.0
2018-07-03,687.0
2018-07-04,657.0
2018-07-05,666.0
2018-07-06,643.0
2018-07-07,708.0
2018-07-09,734.0
2018-07-10,792.0
2018-07-11,772.0
2018-07-12,733.0
2018-07-13,687.0
2018-07-14,695.0
2018-07-16,724.0
2018-07-17,715.0
2018-07-18,729.0
2018-07-19,692.0
2018-07-20,667.0
2018-07-21,747.0
2018-07-23,710.0
2018-07-24,750.0
2018-07-25,800.0
2018-07-26,873.0
2018-07-27,906.0
2018-07-28,837.0
2018-07-30,805.0
2018-07-31,765.0
2018-08-01,866.0
2018-08-02,932.0
2018-08-03,930.0
2018-08-06,931.0
2018-08-07,956.0
2018-08-08,890.0
2018-08-09,888.0
2018-08-10,894.0
2018-08-11,908.0
2018-08-13,856.0
2018-08-14,809.0
2018-08-15,782.0
2018-08-16,774.0
2018-08-17,749.0
2018-08-18,749.0
2018-08-20,802.0
2018-08-21,802.0
2018-08-22,807.0
2018-08-23,793.0
2018-08-24,843.0
2018-08-25,847.0
2018-08-27,825.0
2018-08-28,809.0
2018-08-29,807.0
2018-08-30,766.0
2018-08-31,800.0
2018-09-01,804.0
2018-09-03,823.0
2018-09-04,837.0
2018-09-05,807.0
2018-09-06,782.0
2018-09-07,767.0
2018-09-08,753.0
2018-09-10,746.0
2018-09-11,740.0
2018-09-12,745.0
2018-09-13,757.0
2018-09-14,797.0
2018-09-15,798.0
2018-09-17,804.0
2018-09-18,799.0
2018-09-19,727.0
2018-09-20,712.0
2018-09-21,744.0
2018-09-22,697.0
2018-09-27,683.0
2018-09-28,747.0
2018-09-29,717.0
2018-10-01,819.0
2018-10-02,813.0
2018-10-03,814.0
2018-10-04,797.0
2018-10-05,801.0
2018-10-06,826.0
2018-10-08,806.0
2018-10-09,795.0
2018-10-10,800.0
2018-10-11,765.0
2018-10-12,745.0
2018-10-13,712.0
2018-10-15,774.0
2018-10-16,736.0
2018-10-17,681.0
2018-10-18,664.0
2018-10-19,659.0
2018-10-20,636.0
2018-10-22,659.0
2018-10-23,640.0
2018-10-24,637.0
2018-10-25,696.0
2018-10-26,749.0
2018-10-27,767.0
2018-10-29,754.0
2018-10-30,761.0
2018-10-31,761.0
2018-11-01,758.0
2018-11-02,760.0
2018-11-03,756.0
2018-11-05,776.0
2018-11-06,741.0
2018-11-07,712.0
2018-11-08,682.0
2018-11-09,675.0
2018-11-10,657.0
2018-11-12,724.0
2018-11-13,712.0
2018-11-14,725.0
2018-11-15,718.0
2018-11-16,709.0
2018-11-17,705.0
2018-11-19,733.0
2018-11-20,731.0
2018-11-21,725.0
2018-11-22,704.0
2018-11-23,686.0
2018-11-24,672.0
2018-11-26,670.0
2018-11-27,657.0
2018-11-28,687.0
2018-11-29,624.0
2018-11-30,670.0
2018-12-01,674.0
2018-12-03,695.0
2018-12-04,682.0
2018-12-05,693.0
2018-12-06,633.0
2018-12-07,641.0
2018-12-08,564.0
2018-12-10,608.0
2018-12-11,681.0
2018-12-12,671.0
2018-12-13,683.0
2018-12-14,723.0
2018-12-15,753.0
2018-12-17,730.0
2018-12-18,705.0
2018-12-19,693.0
2018-12-20,622.0
2018-12-21,627.0
2018-12-22,656.0
2018-12-24,672.0
2018-12-25,669.0
2018-12-26,632.0
2018-12-27,662.0
2018-12-28,582.0
2018-12-29,618.0
2018-12-31,732.0
2019-01-03,756.0
2019-01-04,741.0
2019-01-05,740.0
2019-01-07,729.0
2019-01-08,758.0
2019-01-09,689.0
2019-01-10,640.0
2019-01-11,612.0
2019-01-12,617.0
2019-01-14,603.0
2019-01-15,585.0
2019-01-16,556.0
2019-01-17,560.0
2019-01-18,562.0
2019-01-19,566.0
2019-01-21,564.0
2019-01-22,569.0
2019-01-23,574.0
2019-01-24,554.0
2019-01-25,604.0
2019-01-26,588.0
2019-01-28,542.0
2019-01-29,533.0
2019-01-30,611.0
2019-01-31,607.0
2019-02-01,636.0
2019-02-02,598.0
2019-02-04,598.0
2019-02-08,586.0
2019-02-09,634.0
2019-02-11,679.0
2019-02-12,714.0
2019-02-13,681.0
2019-02-14,661.0
2019-02-15,621.0
2019-02-16,610.0
2019-02-18,616.0
2019-02-19,602.0
2019-02-20,624.0
2019-02-21,623.0
2019-02-22,587.0
2019-02-23,602.0
2019-02-25,587.0
2019-02-26,601.0
2019-02-27,581.0
2019-02-28,573.0
2019-03-01,636.0
2019-03-02,675.0
2019-03-04,685.0
2019-03-05,702.0
2019-03-06,695.0
2019-03-07,642.0
2019-03-08,644.0
2019-03-09,668.0
2019-03-11,632.0
2019-03-12,668.0
2019-03-13,672.0
2019-03-14,699.0
2019-03-15,661.0
2019-03-16,662.0
2019-03-18,664.0
2019-03-19,662.0
2019-03-20,686.0
2019-03-21,659.0
2019-03-22,691.0
2019-03-23,728.0
2019-03-25,734.0
2019-03-26,811.0
2019-03-27,793.0
2019-03-28,803.0
2019-03-29,818.0
2019-03-30,825.0
2019-04-01,929.0
2019-04-02,972.0
2019-04-03,1018.0
2019-04-04,974.0
2019-04-05,830.0
2019-04-06,871.0
2019-04-08,1086.0
2019-04-09,1199.0
2019-04-10,1173.0
2019-04-11,1062.0
2019-04-12,1090.0
2019-04-13,1042.0
2019-04-15,969.0
2019-04-16,998.0
2019-04-17,964.0
2019-04-18,958.0
2019-04-19,921.0
2019-04-20,759.0
2019-04-22,605.0
2019-04-23,738.0
2019-04-24,788.0
2019-04-25,728.0
2019-04-26,692.0
2019-04-27,699.0
2019-04-29,745.0
2019-04-30,839.0
2019-05-01,866.0
2019-05-02,981.0
2019-05-03,804.0
2019-05-04,727.0
2019-05-06,652.0
2019-05-07,649.0
2019-05-08,658.0
2019-05-09,587.0
2019-05-10,607.0
2019-05-11,575.0
2019-05-13,515.0
2019-05-14,456.0
2019-05-15,508.0
2019-05-16,462.0
2019-05-17,443.0
2019-05-18,459.0
2019-05-20,491.0
2019-05-21,472.0
2019-05-22,501.0
2019-05-23,510.0
2019-05-24,508.0
2019-05-25,507.0
2019-05-27,453.0
2019-05-28,483.0
2019-05-29,472.0
2019-05-30,530.0
2019-05-31,549.0
2019-06-01,581.0
2019-06-03,506.0
2019-06-04,492.0
2019-06-05,461.0
2019-06-06,424.0
2019-06-07,425.0
2019-06-08,423.0
2019-06-10,404.0
2019-06-11,397.0
2019-06-12,390.0
2019-06-13,389.0
2019-06-14,374.0
2019-06-15,389.0
2019-06-17,394.0
2019-06-18,420.0
2019-06-19,411.0
2019-06-20,415.0
2019-06-21,399.0
2019-06-22,411.0
2019-06-24,456.0
2019-06-25,457.0
2019-06-26,451.0
2019-06-27,467.0
2019-06-28,507.0
2019-06-29,449.0
2019-07-01,430.0
2019-07-02,408.0
2019-07-03,377.0
2019-07-04,374.0
2019-07-05,379.0
2019-07-06,393.0
2019-07-08,398.0
2019-07-09,378.0
2019-07-10,372.0
2019-07-11,394.0
2019-07-12,419.0
2019-07-13,417.0
2019-07-15,432.0
2019-07-16,423.0
2019-07-17,416.0
2019-07-18,409.0
2019-07-19,401.0
2019-07-20,406.0
2019-07-22,393.0
2019-07-23,408.0
2019-07-24,399.0
2019-07-25,397.0
2019-07-26,406.0
2019-07-27,442.0
2019-07-29,429.0
2019-07-30,449.0
2019-07-31,517.0
2019-08-01,595.0
2019-08-02,601.0
2019-08-05,537.0
2019-08-06,511.0
2019-08-07,502.0
2019-08-08,507.0
2019-08-09,514.0
2019-08-10,540.0
2019-08-12,571.0
2019-08-13,586.0
2019-08-14,522.0
2019-08-15,478.0
2019-08-16,460.0
2019-08-17,462.0
2019-08-19,469.0
2019-08-20,470.0
2019-08-21,486.0
2019-08-22,464.0
2019-08-23,475.0
2019-08-24,470.0
2019-08-26,466.0
2019-08-27,474.0
2019-08-28,480.0
2019-08-29,475.0
2019-08-30,474.0
2019-08-31,471.0
2019-09-02,474.0
2019-09-03,494.0
2019-09-04,495.0
2019-09-05,491.0
2019-09-06,481.0
2019-09-07,476.0
2019-09-09,503.0
2019-09-10,551.0
2019-09-11,536.0
2019-09-12,536.0
2019-09-16,584.0
2019-09-17,561.0
2019-09-18,529.0
2019-09-19,516.0
2019-09-20,510.0
2019-09-21,512.0
2019-09-23,544.0
2019-09-24,516.0
2019-09-25,519.0
2019-09-26,478.0
2019-09-27,465.0
2019-09-28,464.0
2019-09-30,454.0
2019-10-01,453.0
2019-10-02,440.0
2019-10-03,448.0
2019-10-04,437.0
2019-10-05,449.0
2019-10-07,457.0
2019-10-08,457.0
2019-10-09,450.0
2019-10-10,458.0
2019-10-11,476.0
2019-10-12,485.0
2019-10-14,494.0
2019-10-15,496.0
2019-10-16,516.0
2019-10-17,522.0
2019-10-18,525.0
2019-10-19,566.0
2019-10-21,532.0
2019-10-22,521.0
2019-10-23,517.0
2019-10-24,527.0
2019-10-25,523.0
2019-10-26,527.0
2019-10-28,514.0
2019-10-29,528.0
2019-10-30,525.0
2019-10-31,512.0
2019-11-01,533.0
2019-11-02,508.0
2019-11-04,521.0
2019-11-05,532.0
2019-11-06,537.0
2019-11-07,539.0
2019-11-08,537.0
2019-11-09,530.0
2019-11-11,540.0
2019-11-12,547.0
2019-11-13,551.0
2019-11-14,551.0
2019-11-15,566.0
2019-11-16,567.0
2019-11-18,600.0
2019-11-19,639.0
2019-11-20,628.0
2019-11-21,620.0
2019-11-22,598.0
2019-11-23,597.0
2019-11-25,616.0
2019-11-26,627.0
2019-11-27,644.0
2019-11-28,668.0
2019-11-29,681.0
2019-11-30,722.0
2019-12-02,795.0
2019-12-03,817.0
2019-12-04,802.0
2019-12-05,806.0
2019-12-06,800.0
2019-12-07,800.0
2019-12-09,797.0
2019-12-10,796.0
2019-12-11,766.0
2019-12-12,769.0
2019-12-13,749.0
2019-12-14,735.0
2019-12-16,737.0
2019-12-17,724.0
2019-12-18,680.0
2019-12-19,693.0
2019-12-20,699.0
2019-12-21,712.0
2019-12-23,729.0
2019-12-24,776.0
2019-12-25,787.0
2019-12-26,794.0
2019-12-27,820.0
2019-12-28,813.0
2019-12-30,817.0
2019-12-31,809.0
2020-01-03,840.0
2020-01-04,881.0
2020-01-06,941.0
2020-01-07,1008.0
2020-01-08,957.0
2020-01-09,965.0
2020-01-10,942.0
2020-01-11,923.0
2020-01-13,908.0
2020-01-14,890.0
2020-01-15,894.0
2020-01-16,869.0
2020-01-17,866.0
2020-01-18,906.0
2020-01-20,930.0
2020-01-21,941.0
2020-01-22,957.0
2020-01-23,922.0
2020-01-24,922.0
2020-01-28,934.0
2020-01-29,906.0
2020-01-30,923.0
2020-01-31,933.0
2020-02-01,947.0
2020-02-03,954.0
2020-02-04,972.0
2020-02-05,944.0
2020-02-06,897.0
2020-02-07,900.0
2020-02-08,909.0
2020-02-10,912.0
2020-02-11,904.0
2020-02-12,936.0
2020-02-13,949.0
2020-02-14,1026.0
2020-02-15,1025.0
2020-02-17,1035.0
2020-02-18,1079.0
2020-02-19,1087.0
2020-02-20,1092.0
2020-02-21,1155.0
2020-02-22,1189.0
2020-02-24,1340.0
2020-02-25,1517.0
2020-02-26,1706.0
2020-02-27,1840.0
2020-02-28,1691.0
2020-02-29,1481.0
2020-03-02,1278.0
2020-03-03,1217.0
2020-03-04,1202.0
2020-03-05,1115.0
2020-03-06,997.0
2020-03-07,999.0
2020-03-09,1049.0
2020-03-10,1199.0
2020-03-11,1266.0
2020-03-12,1235.0
2020-03-13,1170.0
2020-03-14,1087.0
2020-03-16,1071.0
2020-03-17,1053.0
2020-03-18,1034.0
2020-03-19,943.0
2020-03-20,953.0
2020-03-21,932.0
2020-03-23,960.0
2020-03-24,998.0
2020-03-25,1070.0
2020-03-26,1079.0
2020-03-27,1180.0
2020-03-28,1210.0
2020-03-30,1407.0
2020-03-31,1279.0
2020-04-01,1074.0
2020-04-02,1011.0
2020-04-03,1100.0
2020-04-04,1123.0
2020-04-06,1189.0
2020-04-07,1202.0
2020-04-08,1149.0
2020-04-09,1007.0
2020-04-10,879.0
2020-04-11,840.0
2020-04-13,937.0
2020-04-14,960.0
2020-04-15,997.0
2020-04-16,961.0
2020-04-17,999.0
2020-04-18,1073.0
2020-04-20,1122.0
2020-04-21,1065.0
2020-04-22,955.0
2020-04-23,893.0
2020-04-24,889.0
2020-04-25,871.0
2020-04-27,920.0
2020-04-28,854.0
2020-04-29,843.0
2020-04-30,899.0
2020-05-01,941.0
2020-05-02,914.0
2020-05-04,926.0
2020-05-05,887.0
2020-05-06,841.0
2020-05-07,813.0
2020-05-08,750.0
2020-05-09,778.0
2020-05-11,774.0
2020-05-12,793.0
2020-05-13,754.0
2020-05-14,827.0
2020-05-15,931.0
2020-05-16,982.0
2020-05-18,918.0
2020-05-19,860.0
2020-05-20,852.0
2020-05-21,784.0
2020-05-22,799.0
2020-05-23,804.0
2020-05-25,741.0
2020-05-26,747.0
2020-05-27,704.0
2020-05-28,645.0
2020-05-29,577.0
2020-05-30,580.0
2020-06-01,658.0
2020-06-02,666.0
2020-06-03,650.0
2020-06-04,628.0
2020-06-05,632.0
2020-06-06,606.0
2020-06-08,553.0
2020-06-09,547.0
2020-06-10,580.0
2020-06-11,637.0
2020-06-12,612.0
2020-06-13,728.0
2020-06-15,707.0
2020-06-16,693.0
2020-06-17,730.0
2020-06-18,719.0
2020-06-19,733.0
2020-06-20,729.0
2020-06-22,742.0
2020-06-23,739.0
2020-06-24,789.0
2020-06-25,865.0
2020-06-26,825.0
2020-06-27,815.0
2020-06-29,714.0
2020-06-30,703.0
2020-07-01,646.0
2020-07-02,636.0
2020-07-03,651.0
2020-07-04,688.0
2020-07-06,685.0
2020-07-07,695.0
2020-07-08,654.0
2020-07-09,629.0
2020-07-10,695.0
2020-07-11,694.0
2020-07-13,727.0
2020-07-14,780.0
2020-07-15,863.0
2020-07-16,821.0
2020-07-17,817.0
2020-07-18,808.0
2020-07-20,865.0
2020-07-21,782.0
2020-07-22,782.0
2020-07-23,769.0
2020-07-24,745.0
2020-07-25,866.0
2020-07-27,949.0
2020-07-28,946.0
2020-07-29,991.0
2020-07-30,1081.0
2020-07-31,1087.0
2020-08-03,1009.0
2020-08-04,1004.0
2020-08-05,948.0
2020-08-06,922.0
2020-08-07,964.0
2020-08-08,965.0
2020-08-10,1033.0
2020-08-11,1012.0
2020-08-12,1008.0
2020-08-13,1017.0
2020-08-14,1034.0
2020-08-15,1009.0
2020-08-17,999.0
2020-08-18,1015.0
2020-08-19,997.0
2020-08-20,928.0
2020-08-21,930.0
2020-08-22,941.0
2020-08-24,1027.0
2020-08-25,976.0
2020-08-26,1005.0
2020-08-27,1055.0
2020-08-28,1061.0
2020-08-29,1058.0
2020-08-31,1031.0
2020-09-01,1063.0
2020-09-02,1102.0
2020-09-03,1104.0
2020-09-04,1123.0
2020-09-05,1102.0
2020-09-07,1097.0
2020-09-08,1098.0
2020-09-09,1142.0
2020-09-10,1091.0
2020-09-11,1059.0
2020-09-12,1049.0
2020-09-14,1056.0
2020-09-15,1025.0
2020-09-16,1029.0
2020-09-17,1049.0
2020-09-18,1037.0
2020-09-19,1047.0
2020-09-21,1092.0
2020-09-22,1113.0
2020-09-23,1107.0
2020-09-24,1116.0
2020-09-25,1044.0
2020-09-26,1045.0
2020-09-28,1026.0
2020-09-29,1014.0
2020-09-30,1014.0
2020-10-05,1106.0
2020-10-06,1213.0
2020-10-07,1291.0
2020-10-08,1325.0
2020-10-09,1263.0
2020-10-10,1273.0
2020-10-12,1280.0
2020-10-13,1199.0
2020-10-14,1239.0
2020-10-15,1143.0
2020-10-16,1068.0
2020-10-17,1121.0
2020-10-19,1155.0
2020-10-20,1148.0
2020-10-21,1151.0
2020-10-22,1166.0
2020-10-23,1265.0
2020-10-24,1176.0
2020-10-26,1182.0
2020-10-27,1300.0
2020-10-28,1213.0
2020-10-29,1216.0
2020-10-30,1256.0
2020-10-31,1286.0
2020-11-02,1263.0
2020-11-03,1271.0
2020-11-04,1272.0
2020-11-05,1296.0
2020-11-06,1285.0
2020-11-07,1287.0
2020-11-09,1288.0
2020-11-10,1305.0
2020-11-11,1301.0
2020-11-12,1308.0
2020-11-13,1288.0
2020-11-14,1276.0
2020-11-16,1300.0
2020-11-17,1300.0
2020-11-18,1294.0
2020-11-19,1292.0
2020-11-20,1309.0
2020-11-21,1384.0
2020-11-23,1367.0
2020-11-24,1377.0
2020-11-25,1341.0
2020-11-26,1294.0
2020-11-27,1267.0
2020-11-28,1375.0
2020-11-30,1263.0
2020-12-01,1267.0
2020-12-02,1240.0
2020-12-03,1243.0
2020-12-04,1235.0
2020-12-05,1290.0
2020-12-07,1327.0
2020-12-08,1356.0
2020-12-09,1379.0
2020-12-10,1311.0
2020-12-11,1294.0
2020-12-12,1314.0
2020-12-14,1287.0
2020-12-15,1274.0
2020-12-16,1358.0
2020-12-17,1262.0
2020-12-18,1254.0
2020-12-19,1276.0
2020-12-21,1326.0
2020-12-22,1476.0
2020-12-23,1404.0
2020-12-24,1486.0
2020-12-25,1425.0
2020-12-26,1435.0
2020-12-28,1417.0
2020-12-29,1425.0
2020-12-30,1445.0
2020-12-31,1358.0
2021-01-04,1485.0
2021-01-05,1552.0
2021-01-06,1578.0
2021-01-07,1627.0
2021-01-08,1542.0
2021-01-09,1643.0
2021-01-11,1810.0
2021-01-12,1623.0
2021-01-13,1696.0
2021-01-14,1729.0
2021-01-15,1701.0
2021-01-16,1697.0
2021-01-18,1652.0
2021-01-19,1729.0
2021-01-20,1728.0
2021-01-21,1663.0
2021-01-22,1703.0
2021-01-23,1634.0
2021-01-25,1646.0
2021-01-26,1746.0
2021-01-27,1715.0
2021-01-28,1737.0
2021-01-29,1682.0
2021-01-30,1697.0
2021-02-01,1722.0
2021-02-02,1716.0
2021-02-03,1720.0
2021-02-04,1737.0
2021-02-05,1736.0
2021-02-06,1742.0
2021-02-08,1720.0
2021-02-09,1800.0
2021-02-10,1876.0
2021-02-11,1876.0
2021-02-15,1966.0
2021-02-16,1979.0
2021-02-17,2045.0
2021-02-18,2049.0
2021-02-19,2096.0
2021-02-20,1999.0
2021-02-22,2027.0
2021-02-23,2087.0
2021-02-24,2014.0
2021-02-25,2032.0
2021-02-26,2008.0
2021-02-27,1959.0
2021-03-01,1930.0
2021-03-02,1879.0
2021-03-03,1831.0
2021-03-04,1754.0
2021-03-05,1952.0
2021-03-06,1775.0
2021-03-08,1766.0
2021-03-09,1738.0
2021-03-10,1800.0
2021-03-11,1837.0
2021-03-12,1871.0
2021-03-13,1899.0
2021-03-15,1861.0
2021-03-16,2028.0
2021-03-17,2129.0
2021-03-18,2068.0
2021-03-19,2053.0
2021-03-20,2013.0
2021-03-22,1956.0
2021-03-23,1948.0
2021-03-24,1820.0
2021-03-25,1739.0
2021-03-26,1371.0
2021-03-27,1358.0
2021-03-29,1145.0
2021-03-30,1272.0
2021-03-31,1391.0
2021-04-01,1511.0
2021-04-02,1460.0
2021-04-03,1468.0
2021-04-05,1419.0
2021-04-06,1374.0
2021-04-07,1321.0
2021-04-08,1283.0
2021-04-09,1165.0
2021-04-10,1139.0
2021-04-12,1028.0
2021-04-13,1040.0
2021-04-14,1320.0
2021-04-15,1003.0
2021-04-16,952.0
2021-04-17,832.0
2021-04-19,674.0
2021-04-20,709.0
2021-04-21,687.0
2021-04-22,696.0
2021-04-23,726.0
2021-04-24,773.0
2021-04-26,795.0
2021-04-27,709.0
2021-04-28,784.0
2021-04-29,615.0
2021-04-30,653.0
2021-05-01,639.0
2021-05-03,635.0
2021-05-04,642.0
2021-05-05,635.0
2021-05-06,856.0
2021-05-07,659.0
2021-05-08,650.0
2021-05-10,570.0
2021-05-11,589.0
2021-05-12,498.0
2021-05-13,465.0
2021-05-14,474.0
2021-05-15,538.0
2021-05-17,547.0
2021-05-18,507.0
2021-05-19,527.0
2021-05-20,561.0
2021-05-21,561.0
2021-05-22,548.0
2021-05-24,529.0
2021-05-25,556.0
2021-05-26,554.0
2021-05-27,546.0
2021-05-28,544.0
2021-05-29,552.0
2021-05-31,550.0
2021-06-01,558.0
2021-06-02,529.0
2021-06-03,566.0
2021-06-04,566.0
2021-06-05,585.0
2021-06-07,600.0
2021-06-08,584.0
2021-06-09,587.0
2021-06-10,608.0
2021-06-11,609.0
2021-06-12,624.0
2021-06-14,672.0
2021-06-15,737.0
2021-06-16,723.0
2021-06-17,732.0
2021-06-18,739.0
2021-06-19,721.0
2021-06-21,733.0
2021-06-22,751.0
2021-06-23,741.0
2021-06-24,727.0
2021-06-25,714.0
2021-06-26,714.0
2021-06-28,662.0
2021-06-29,595.0
2021-06-30,552.0
2021-07-01,595.0
2021-07-02,595.0
2021-07-03,605.0
2021-07-05,650.0
2021-07-06,690.0
2021-07-07,739.0
2021-07-08,807.0
2021-07-09,723.0
2021-07-10,686.0
2021-07-12,676.0
2021-07-13,652.0
2021-07-14,571.0
2021-07-15,610.0
2021-07-16,660.0
2021-07-17,696.0
2021-07-19,811.0
2021-07-20,791.0
2021-07-21,782.0
2021-07-22,774.0
2021-07-23,756.0
2021-07-24,731.0
2021-07-26,746.0
2021-07-27,732.0
2021-07-28,707.0
2021-07-29,714.0
2021-07-30,682.0
2021-07-31,731.0
2021-08-02,816.0
2021-08-03,865.0
2021-08-04,967.0
2021-08-05,955.0
2021-08-06,969.0
2021-08-09,944.0
2021-08-10,867.0
2021-08-11,831.0
2021-08-12,835.0
2021-08-13,851.0
2021-08-14,862.0
2021-08-16,869.0
2021-08-17,916.0
2021-08-18,930.0
2021-08-19,884.0
2021-08-20,887.0
2021-08-21,891.0
2021-08-23,896.0
2021-08-24,871.0
2021-08-25,837.0
2021-08-26,846.0
2021-08-27,836.0
2021-08-28,853.0
2021-08-30,887.0
2021-08-31,949.0
2021-09-01,944.0
2021-09-02,971.0
2021-09-03,958.0
2021-09-04,983.0
2021-09-06,993.0
2021-09-07,964.0
2021-09-08,947.0
2021-09-09,946.0
2021-09-10,931.0
2021-09-11,912.0
2021-09-13,926.0
2021-09-14,906.0
2021-09-15,917.0
2021-09-16,916.0
2021-09-17,905.0
2021-09-18,873.0
2021-09-24,835.0
2021-09-25,869.0
2021-09-27,868.0
2021-09-28,861.0
2021-09-29,846.0
2021-09-30,850.0
2021-10-01,849.0
2021-10-02,880.0
2021-10-04,921.0
2021-10-05,908.0
2021-10-06,923.0
2021-10-07,911.0
2021-10-08,887.0
2021-10-09,864.0
2021-10-11,863.0
2021-10-12,866.0
2021-10-13,887.0
2021-10-14,877.0
2021-10-15,904.0
2021-10-16,920.0
2021-10-18,928.0
2021-10-19,934.0
2021-10-20,924.0
2021-10-21,915.0
2021-10-22,932.0
2021-10-23,942.0
2021-10-25,952.0
2021-10-26,968.0
2021-10-27,953.0
2021-10-28,931.0
2021-10-29,923.0
2021-10-30,920.0
2021-11-01,914.0
2021-11-02,920.0
2021-11-03,921.0
2021-11-04,895.0
2021-11-05,909.0
2021-11-06,899.0
2021-11-08,911.0
2021-11-09,907.0
2021-11-10,890.0
2021-11-11,903.0
2021-11-12,915.0
2021-11-13,908.0
2021-11-15,943.0
2021-11-16,937.0
2021-11-17,918.0
2021-11-18,890.0
2021-11-19,879.0
2021-11-20,885.0
2021-11-22,882.0
2021-11-23,865.0
2021-11-24,850.0
2021-11-25,841.0
2021-11-26,868.0
2021-11-27,842.0
2021-11-29,858.0
2021-11-30,834.0
2021-12-01,836.0
2021-12-02,813.0
2021-12-03,797.0
2021-12-04,797.0
2021-12-06,804.0
2021-12-07,827.0
2021-12-08,840.0
2021-12-09,829.0
2021-12-10,804.0
2021-12-11,780.0
2021-12-13,792.0
2021-12-14,771.0
2021-12-15,728.0
2021-12-16,703.0
2021-12-17,712.0
2021-12-18,676.0
2021-12-20,717.0
2021-12-21,717.0
2021-12-22,684.0
2021-12-23,656.0
2021-12-24,646.0
2021-12-25,652.0
2021-12-27,737.0
2021-12-28,680.0
2021-12-29,716.0
2021-12-30,759.0
2021-12-31,704.0
2022-01-03,707.0
2022-01-04,697.0
2022-01-05,706.0
2022-01-06,671.0
2022-01-07,625.0
2022-01-08,608.0
2022-01-10,592.0
2022-01-11,580.0
2022-01-12,549.0
2022-01-13,524.0
2022-01-14,496.0
2022-01-15,504.0
2022-01-17,513.0
2022-01-18,556.0
2022-01-19,585.0
2022-01-20,565.0
2022-01-21,527.0
2022-01-22,540.0
2022-01-24,534.0
2022-01-25,526.0
2022-01-26,500.0
2022-01-27,515.0
2022-01-28,510.0
2022-01-29,540.0
2022-02-04,562.0
2022-02-05,578.0
2022-02-07,543.0
2022-02-08,511.0
2022-02-09,486.0
2022-02-10,489.0
2022-02-11,481.0
2022-02-12,463.0
2022-02-14,467.0
2022-02-15,435.0
2022-02-16,435.0
2022-02-17,410.0
2022-02-18,406.0
2022-02-19,413.0
2022-02-21,404.0
2022-02-22,372.0
2022-02-23,352.0
2022-02-24,354.0
2022-02-25,376.0
2022-02-26,427.0
2022-02-28,455.0
2022-03-01,457.0
2022-03-02,478.0
2022-03-03,464.0
2022-03-04,457.0
2022-03-05,476.0
2022-03-07,455.0
2022-03-08,437.0
2022-03-09,427.0
2022-03-10,403.0
2022-03-11,411.0
2022-03-12,406.0
2022-03-14,498.0
2022-03-15,498.0
2022-03-16,393.0
2022-03-17,385.0
2022-03-18,379.0
2022-03-19,359.0
2022-03-21,359.0
2022-03-22,392.0
2022-03-23,363.0
2022-03-24,337.0
2022-03-25,337.0
2022-03-26,382.0
2022-03-28,414.0
2022-03-29,413.0
2022-03-30,484.0
2022-03-31,448.0
2022-04-01,433.0
2022-04-02,415.0
2022-04-04,470.0
2022-04-05,537.0
2022-04-06,540.0
2022-04-07,549.0
2022-04-08,499.0
2022-04-09,493.0
2022-04-11,488.0
2022-04-12,550.0
2022-04-13,622.0
2022-04-14,680.0
2022-04-15,733.0
2022-04-16,764.0
2022-04-18,608.0
2022-04-19,597.0
2022-04-20,579.0
2022-04-21,569.0
2022-04-22,601.0
2022-04-23,699.0
2022-04-25,697.0
2022-04-26,786.0
2022-04-27,781.0
2022-04-28,740.0
2022-04-29,708.0
2022-04-30,744.0
2022-05-02,693.0
2022-05-03,678.0
2022-05-04,572.0
2022-05-05,507.0
2022-05-06,516.0
2022-05-07,493.0
2022-05-09,481.0
2022-05-10,470.0
2022-05-11,495.0
2022-05-12,497.0
2022-05-13,512.0
2022-05-14,526.0
2022-05-16,596.0
2022-05-17,570.0
2022-05-18,544.0
2022-05-19,516.0
2022-05-20,515.0
2022-05-21,540.0
2022-05-23,587.0
2022-05-24,618.0
2022-05-25,634.0
2022-05-26,661.0
2022-05-27,679.0
2022-05-28,765.0
2022-05-30,976.0
2022-05-31,1033.0
2022-06-01,1171.0
2022-06-02,1204.0
2022-06-03,1192.0
2022-06-04,1286.0
2022-06-06,1416.0
2022-06-07,1410.0
2022-06-08,1383.0
2022-06-09,1312.0
2022-06-10,1164.0
2022-06-11,1187.0
2022-06-13,1217.0
2022-06-14,1243.0
2022-06-15,1242.0
2022-06-16,1251.0
2022-06-17,1361.0
2022-06-18,1444.0
2022-06-20,1487.0
2022-06-21,1492.0
2022-06-22,1479.0
2022-06-23,1483.0
2022-06-24,1424.0
2022-06-25,1475.0
2022-06-27,1478.0
2022-06-28,1455.0
2022-06-29,1374.0
2022-06-30,1294.0
2022-07-01,1302.0
2022-07-02,1401.0
2022-07-04,1519.0
2022-07-05,1525.0
2022-07-06,1560.0
2022-07-07,1484.0
2022-07-08,1424.0
2022-07-09,1386.0
2022-07-11,1277.0
2022-07-12,1280.0
2022-07-13,1305.0
2022-07-14,1327.0
2022-07-15,1330.0
2022-07-16,1330.0
2022-07-18,1331.0
2022-07-19,1329.0
2022-07-20,1291.0
2022-07-21,1322.0
2022-07-22,1359.0
2022-07-23,1363.0
2022-07-25,1349.0
2022-07-26,1316.0
2022-07-27,1299.0
2022-07-28,1277.0
2022-07-29,1260.0
2022-07-30,1308.0
2022-08-01,1315.0
2022-08-02,1347.0
2022-08-03,1367.0
2022-08-04,1445.0
2022-08-05,1611.0
2022-08-06,1611.0
2022-08-08,1505.0
2022-08-09,1434.0
2022-08-10,1410.0
2022-08-11,1505.0
2022-08-12,1540.0
2022-08-13,1577.0
2022-08-15,1609.0
2022-08-16,1600.0
2022-08-17,1541.0
2022-08-18,1481.0
2022-08-19,1382.0
2022-08-20,1361.0
2022-08-22,1343.0
2022-08-23,1273.0
2022-08-24,1299.0
2022-08-25,1299.0
2022-08-26,1238.0
2022-08-27,1262.0
2022-08-29,1205.0
2022-08-30,1217.0
2022-08-31,1230.0
2022-09-01,1290.0
2022-09-02,1363.0
2022-09-03,1513.0
2022-09-05,1653.0
2022-09-06,1687.0
2022-09-07,1623.0
2022-09-08,1440.0
2022-09-09,1440.0
2022-09-13,1231.0
2022-09-14,1347.0
2022-09-15,1377.0
2022-09-16,1439.0
2022-09-17,1418.0
2022-09-19,1422.0
2022-09-20,1409.0
2022-09-21,1417.0
2022-09-22,1406.0
2022-09-23,1389.0
2022-09-24,1429.0
2022-09-26,1435.0
2022-09-27,1455.0
2022-09-28,1465.0
2022-09-29,1468.0
2022-09-30,1477.0
2022-10-01,1471.0
2022-10-03,1474.0
2022-10-04,1463.0
2022-10-05,1472.0
2022-10-06,1487.0
2022-10-07,1538.0
2022-10-08,1586.0
2022-10-10,1616.0
2022-10-11,1639.0
2022-10-12,1631.0
2022-10-13,1621.0
2022-10-14,1572.0
2022-10-15,1527.0
2022-10-17,1498.0
2022-10-18,1435.0
2022-10-19,1421.0
2022-10-20,1416.0
2022-10-21,1449.0
2022-10-22,1495.0
2022-10-24,1549.0
2022-10-25,1551.0
2022-10-26,1532.0
2022-10-27,1465.0
2022-10-28,1492.0
2022-10-29,1536.0
2022-10-31,1508.0
2022-11-01,1469.0
2022-11-02,1499.0
2022-11-03,1496.0
2022-11-04,1476.0
2022-11-05,1484.0
2022-11-07,1488.0
2022-11-08,1465.0
2022-11-09,1491.0
2022-11-10,1501.0
2022-11-11,1511.0
2022-11-12,1464.0
2022-11-14,1455.0
2022-11-15,1410.0
2022-11-16,1415.0
2022-11-17,1406.0
2022-11-18,1406.0
2022-11-19,1459.0
2022-11-21,1515.0
2022-11-22,1492.0
2022-11-23,1468.0
2022-11-24,1425.0
2022-11-25,1406.0
2022-11-26,1409.0
2022-11-28,1409.0
2022-11-29,1423.0
2022-11-30,1381.0
2022-12-01,1376.0
2022-12-02,1377.0
2022-12-03,1469.0
2022-12-05,1477.0
2022-12-06,1467.0
2022-12-07,1459.0
2022-12-08,1446.0
2022-12-09,1429.0
2022-12-10,1443.0
2022-12-12,1434.0
2022-12-13,1415.0
2022-12-14,1390.0
2022-12-15,1371.0
2022-12-16,1384.0
2022-12-17,1374.0
2022-12-19,1415.0
2022-12-20,1411.0
2022-12-21,1431.0
2022-12-22,1430.0
2022-12-23,1419.0
2022-12-24,1396.0
2022-12-26,1495.0
2022-12-27,1437.0
2022-12-28,1418.0
2022-12-29,1412.0
2022-12-30,1372.0
2022-12-31,1429.0
2023-01-03,1448.0
2023-01-04,1430.0
2023-01-05,1393.0
2023-01-06,1402.0
2023-01-07,1372.0
2023-01-09,1378.0
2023-01-10,1379.0
2023-01-11,1359.0
2023-01-12,1353.0
2023-01-13,1339.0
2023-01-14,1350.0
2023-01-16,1331.0
2023-01-17,1328.0
2023-01-18,1345.0
2023-01-19,1359.0
2023-01-20,1385.0
2023-01-21,1385.0
2023-01-25,1421.0
2023-01-26,1512.0
2023-01-27,1482.0
2023-01-28,1499.0
2023-01-30,1490.0
2023-01-31,1474.0
2023-02-01,1484.0
2023-02-02,1487.0
2023-02-03,1414.0
2023-02-04,1435.0
2023-02-06,1434.0
2023-02-07,1422.0
2023-02-08,1394.0
2023-02-09,1388.0
2023-02-10,1417.0
2023-02-11,1409.0
2023-02-13,1473.0
2023-02-14,1495.0
2023-02-15,1505.0
2023-02-16,1572.0
2023-02-17,1589.0
2023-02-18,1592.0
2023-02-20,1584.0
2023-02-21,1573.0
2023-02-22,1568.0
2023-02-23,1582.0
2023-02-24,1587.0
2023-02-25,1657.0
2023-02-27,1736.0
2023-02-28,1818.0
2023-03-01,1841.0
2023-03-02,1854.0
2023-03-03,1834.0
2023-03-04,1824.0
2023-03-06,1812.0
2023-03-07,1762.0
2023-03-08,1751.0
2023-03-09,1716.0
2023-03-10,1706.0
2023-03-11,1740.0
2023-03-13,1715.0
2023-03-14,1759.0
2023-03-15,1631.0
2023-03-16,1580.0
2023-03-17,1475.0
2023-03-18,1211.0
2023-03-20,1256.0
2023-03-21,1321.0
2023-03-22,1282.0
2023-03-23,1444.0
2023-03-24,1676.0
2023-03-25,1923.0
2023-03-27,1730.0
2023-03-28,1574.0
2023-03-29,1532.0
2023-03-30,1331.0
2023-03-31,1143.0
2023-04-01,1082.0
2023-04-03,1344.0
2023-04-04,1430.0
2023-04-05,1587.0
2023-04-06,1720.0
2023-04-07,1557.0
2023-04-08,1594.0
2023-04-10,1723.0
2023-04-11,1745.0
2023-04-12,1606.0
2023-04-13,1431.0
2023-04-14,1384.0
2023-04-15,1407.0
2023-04-17,1327.0
2023-04-18,1258.0
2023-04-19,1135.0
2023-04-20,1095.0
2023-04-21,1027.0
2023-04-22,741.0
2023-04-24,723.0
2023-04-25,724.0
2023-04-26,771.0
2023-04-27,855.0
2023-04-28,877.0
2023-04-29,903.0
2023-05-01,979.0
2023-05-02,1008.0
2023-05-03,998.0
2023-05-04,1065.0
2023-05-05,1301.0
2023-05-06,1584.0
2023-05-08,1403.0
2023-05-09,1357.0
2023-05-10,1217.0
2023-05-11,1091.0
2023-05-12,1088.0
2023-05-13,1106.0
2023-05-15,1099.0
2023-05-16,1072.0
2023-05-17,1019.0
2023-05-18,1038.0
2023-05-19,988.0
2023-05-20,1024.0
2023-05-22,1050.0
2023-05-23,1038.0
2023-05-24,1077.0
2023-05-25,1146.0
2023-05-26,1333.0
2023-05-27,1221.0
2023-05-29,1185.0
2023-05-30,1222.0
2023-05-31,1220.0
2023-06-01,1398.0
2023-06-02,1402.0
2023-06-03,1465.0
2023-06-05,1277.0
2023-06-06,1263.0
2023-06-07,1112.0
2023-06-08,1119.0
2023-06-09,1185.0
2023-06-10,1159.0
2023-06-12,1117.0
2023-06-13,1090.0
2023-06-14,1096.0
2023-06-15,1076.0
2023-06-16,1073.0
2023-06-17,1165.0
2023-06-19,1174.0
2023-06-20,1225.0
2023-06-21,1244.0
2023-06-22,1227.0
2023-06-23,1236.0
2023-06-24,1221.0
2023-06-26,1240.0
2023-06-27,1249.0
2023-06-28,1228.0
2023-06-29,1193.0
2023-06-30,1155.0
2023-07-01,1187.0
2023-07-03,1194.0
2023-07-04,1226.0
2023-07-05,1197.0
2023-07-06,1210.0
2023-07-07,1251.0
2023-07-08,1363.0
2023-07-10,1426.0
2023-07-11,1376.0
2023-07-12,1383.0
2023-07-13,1319.0
2023-07-14,1312.0
2023-07-15,1387.0
2023-07-17,1412.0
2023-07-18,1517.0
2023-07-19,1519.0
2023-07-20,1495.0
2023-07-21,1477.0
2023-07-22,1422.0
2023-07-24,1318.0
2023-07-25,1316.0
2023-07-26,1284.0
2023-07-27,1223.0
2023-07-28,1204.0
2023-07-29,1253.0
2023-07-31,1250.0
2023-08-01,1220.0
2023-08-02,1204.0
2023-08-03,1281.0
2023-08-04,1371.0
2023-08-07,1377.0
2023-08-08,1416.0
2023-08-09,1456.0
2023-08-10,1441.0
2023-08-11,1508.0
2023-08-12,1394.0
2023-08-14,1377.0
2023-08-15,1327.0
2023-08-16,1383.0
2023-08-17,1298.0
2023-08-18,1314.0
2023-08-19,1329.0
2023-08-21,1323.0
2023-08-22,1294.0
2023-08-23,1280.0
2023-08-24,1247.0
2023-08-25,1249.0
2023-08-26,1291.0
2023-08-28,1311.0
2023-08-29,1309.0
2023-08-30,1304.0
2023-08-31,1305.0
2023-09-01,1294.0
2023-09-02,1328.0
2023-09-04,1317.0
2023-09-05,1280.0
2023-09-06,1264.0
2023-09-07,1273.0
2023-09-08,1266.0
2023-09-09,1244.0
2023-09-11,1193.0
2023-09-12,1189.0
2023-09-13,1130.0
2023-09-14,1127.0
2023-09-15,1135.0
2023-09-16,1156.0
2023-09-18,1218.0
2023-09-19,1212.0
2023-09-20,1209.0
2023-09-21,1217.0
2023-09-22,1271.0
2023-09-23,1281.0
2023-09-25,1240.0
2023-09-26,1296.0
2023-09-27,1243.0
2023-09-28,1243.0
2023-10-02,1358.0
2023-10-03,1322.0
2023-10-04,1357.0
2023-10-05,1423.0
2023-10-06,1434.0
2023-10-07,1386.0
2023-10-09,1358.0
2023-10-10,1327.0
2023-10-11,1291.0
2023-10-12,1235.0
2023-10-13,1236.0
2023-10-14,1293.0
2023-10-16,1273.0
2023-10-17,1241.0
2023-10-18,1259.0
2023-10-19,1234.0
2023-10-20,1222.0
2023-10-21,1209.0
2023-10-23,1203.0
2023-10-24,1177.0
2023-10-25,1157.0
2023-10-26,1154.0
2023-10-27,1173.0
2023-10-28,1154.0
2023-10-30,1165.0
2023-10-31,1213.0
2023-11-01,1235.0
2023-11-02,1272.0
2023-11-03,1226.0
2023-11-04,1226.0
2023-11-06,1229.0
2023-11-07,1232.0
2023-11-08,1215.0
2023-11-09,1175.0
2023-11-10,1155.0
2023-11-11,1178.0
2023-11-13,1178.0
2023-11-14,1129.0
2023-11-15,1161.0
2023-11-16,1152.0
2023-11-17,1123.0
2023-11-18,1146.0
2023-11-20,1130.0
2023-11-21,1103.0
2023-11-22,1112.0
2023-11-23,1098.0
2023-11-24,1065.0
2023-11-25,1065.0
2023-11-27,1070.0
2023-11-28,1063.0
2023-11-29,1059.0
2023-11-30,1099.0
2023-12-01,1101.0
2023-12-02,1101.0
2023-12-04,1117.0
2023-12-05,1169.0
2023-12-06,1163.0
2023-12-07,1133.0
2023-12-08,1132.0
2023-12-09,1169.0
2023-12-11,1155.0
2023-12-12,1140.0
2023-12-13,1165.0
2023-12-14,1188.0
2023-12-15,1160.0
2023-12-16,1158.0
2023-12-18,1176.0
2023-12-19,1154.0
2023-12-20,1162.0
2023-12-21,1171.0
2023-12-22,1194.0
2023-12-23,1269.0
2023-12-25,1333.0
2023-12-26,1294.0
2023-12-27,1311.0
2023-12-28,1293.0
2023-12-29,1313.0
2023-12-30,1306.0
2024-01-03,1253.0
2024-01-04,1218.0
2024-01-05,1255.0
2024-01-06,1247.0
2024-01-08,1226.0
2024-01-09,1193.0
2024-01-10,1121.0
2024-01-11,1117.0
2024-01-12,1015.0
2024-01-13,1061.0
2024-01-15,1090.0
2024-01-16,1080.0
2024-01-17,1058.0
2024-01-18,1043.0
2024-01-19,1088.0
2024-01-20,1080.0
2024-01-22,1105.0
2024-01-23,1069.0
2024-01-24,1008.0
2024-01-25,1108.0
2024-01-26,1163.0
2024-01-27,1177.0
2024-01-29,1148.0
2024-01-30,1150.0
2024-01-31,1132.0
2024-02-01,1132.0
2024-02-02,1151.0
2024-02-03,1158.0
2024-02-05,1157.0
2024-02-06,1117.0
2024-02-07,1141.0
2024-02-08,1208.0
2024-02-09,1208.0
2024-02-13,1241.0
2024-02-14,1207.0
2024-02-15,1216.0
2024-02-16,1200.0
2024-02-17,1252.0
2024-02-19,1271.0
2024-02-20,1288.0
2024-02-21,1328.0
2024-02-22,1373.0
2024-02-23,1401.0
2024-02-24,1429.0
2024-02-26,1441.0
2024-02-27,1434.0
2024-02-28,1397.0
2024-02-29,1303.0
2024-03-01,1295.0
2024-03-02,1295.0
2024-03-04,1309.0
2024-03-05,1326.0
2024-03-06,1335.0
2024-03-07,1343.0
2024-03-08,1342.0
2024-03-09,1356.0
2024-03-11,1388.0
2024-03-12,1444.0
2024-03-13,1468.0
2024-03-14,1417.0
2024-03-15,1551.0
2024-03-16,1672.0
2024-03-18,1720.0
2024-03-19,1792.0
2024-03-20,1684.0
2024-03-21,1645.0
2024-03-22,1592.0
2024-03-23,1476.0
2024-03-25,1427.0
2024-03-26,1460.0
2024-03-27,1374.0
2024-03-28,1567.0
2024-03-29,1825.0
2024-03-30,2061.0
2024-04-01,2010.0
2024-04-02,1640.0
2024-04-03,1647.0
2024-04-04,1689.0
2024-04-05,1767.0
2024-04-06,1597.0
2024-04-08,1515.0
2024-04-09,1552.0
2024-04-10,1496.0
2024-04-11,1429.0
2024-04-12,1346.0
2024-04-13,1352.0
2024-04-15,1266.0
2024-04-16,1242.0
2024-04-17,1210.0
2024-04-18,1333.0
2024-04-19,1460.0
2024-04-20,1492.0
2024-04-22,1572.0
2024-04-23,1434.0
2024-04-24,1531.0
2024-04-25,1521.0
2024-04-26,1459.0
2024-04-27,1321.0
2024-04-29,1205.0
2024-04-30,1252.0
2024-05-01,1257.0
2024-05-02,1262.0
2024-05-03,1326.0
2024-05-04,1349.0
2024-05-06,1567.0
2024-05-07,1385.0
2024-05-08,1417.0
2024-05-09,1406.0
2024-05-10,1382.0
2024-05-11,1354.0
2024-05-13,1174.0
2024-05-14,1198.0
2024-05-15,1176.0
2024-05-16,1179.0
2024-05-17,1171.0
2024-05-18,1167.0
2024-05-20,1156.0
2024-05-21,1110.0
2024-05-22,1082.0
2024-05-23,1085.0
2024-05-24,1119.0
2024-05-25,1138.0
2024-05-27,1097.0
2024-05-28,1166.0
2024-05-29,1255.0
2024-05-30,1219.0
2024-05-31,1186.0
2024-06-01,1150.0
2024-06-03,1079.0
2024-06-04,1079.0
2024-06-05,1174.0
2024-06-06,1168.0
2024-06-07,1160.0
2024-06-08,1130.0
2024-06-10,1097.0
2024-06-11,1024.0
2024-06-12,967.0
2024-06-13,936.0
2024-06-14,882.0
2024-06-15,955.0
2024-06-17,979.0
2024-06-18,987.0
2024-06-19,981.0
2024-06-20,953.0
2024-06-21,944.0
2024-06-22,980.0
2024-06-24,970.0
2024-06-25,961.0
2024-06-26,976.0
2024-06-27,919.0
2024-06-28,943.0
2024-06-29,1018.0
2024-07-01,1063.0
2024-07-02,1073.0
2024-07-03,1098.0
2024-07-04,1046.0
2024-07-05,1013.0
2024-07-06,1031.0
2024-07-08,984.0
2024-07-09,984.0
2024-07-10,963.0
2024-07-11,1003.0
2024-07-12,1067.0
2024-07-13,1198.0
2024-07-15,1218.0
2024-07-16,1219.0
2024-07-17,1195.0
2024-07-18,1170.0
2024-07-19,1104.0
2024-07-20,1128.0
2024-07-22,1193.0
2024-07-23,1193.0
2024-07-24,1167.0
2024-07-25,1144.0
2024-07-26,1106.0
2024-07-27,1085.0
2024-07-29,1121.0
2024-07-30,1121.0
2024-07-31,1148.0
2024-08-01,1232.0
2024-08-02,1256.0
2024-08-05,1208.0
2024-08-06,1201.0
2024-08-07,1211.0
2024-08-08,1221.0
2024-08-09,1221.0
2024-08-10,1225.0
2024-08-12,1210.0
2024-08-13,1179.0
2024-08-14,1193.0
2024-08-15,1123.0
2024-08-16,1141.0
2024-08-17,1175.0
2024-08-19,1199.0
2024-08-20,1156.0
2024-08-21,1169.0
2024-08-22,1153.0
2024-08-23,1134.0
2024-08-24,1151.0
2024-08-26,1188.0
2024-08-27,1171.0
2024-08-28,1195.0
2024-08-29,1158.0
2024-08-30,1144.0
2024-08-31,1088.0
2024-09-02,1108.0
2024-09-03,1078.0
2024-09-04,1076.0
2024-09-05,1124.0
2024-09-06,1158.0
2024-09-07,1149.0
2024-09-09,1155.0
2024-09-10,1154.0
2024-09-11,1169.0
2024-09-12,1223.0
2024-09-13,1270.0
2024-09-14,1318.0
2024-09-16,1318.0
2024-09-20,1330.0
2024-09-21,1290.0
2024-09-23,1350.0
2024-09-24,1352.0
2024-09-25,1350.0
2024-09-26,1297.0
2024-09-27,1240.0
2024-09-28,1210.0
2024-09-30,1190.0
2024-10-01,1149.0
2024-10-02,1118.0
2024-10-03,1155.0
2024-10-04,1185.0
2024-10-05,1209.0
2024-10-07,1172.0
2024-10-08,1140.0
2024-10-09,1123.0
2024-10-10,1100.0
2024-10-11,1120.0
2024-10-12,1105.0
2024-10-14,1118.0
2024-10-15,1105.0
2024-10-16,1085.0
2024-10-17,1152.0
2024-10-18,1185.0
2024-10-19,1177.0
2024-10-21,1167.0
2024-10-22,1149.0
2024-10-23,1180.0
2024-10-24,1174.0
2024-10-25,1219.0
2024-10-26,1237.0
2024-10-28,1206.0
2024-10-29,1224.0
2024-10-30,1227.0
2024-10-31,1252.0
2024-11-01,1223.0
2024-11-02,1218.0
2024-11-04,1231.0
2024-11-05,1236.0
2024-11-06,1290.0
2024-11-07,1251.0
2024-11-08,1209.0
2024-11-09,1214.0
2024-11-11,1218.0
2024-11-12,1198.0
2024-11-13,1201.0
2024-11-14,1192.0
2024-11-15,1183.0
2024-11-16,1175.0
2024-11-18,1185.0
2024-11-19,1196.0
2024-11-20,1184.0
2024-11-21,1211.0
2024-11-22,1210.0
2024-11-23,1200.0
2024-11-25,1223.0
2024-11-26,1229.0
2024-11-27,1211.0
2024-11-28,1207.0
2024-11-29,1201.0
2024-11-30,1195.0
2024-12-02,1222.0
2024-12-03,1224.0
2024-12-04,1214.0
2024-12-05,1220.0
2024-12-06,1207.0
2024-12-07,1181.0
2024-12-09,1198.0
2024-12-10,1172.0
2024-12-11,1158.0
2024-12-12,1138.0
2024-12-13,1163.0
2024-12-14,1196.0
2024-12-16,1147.0
2024-12-17,1166.0
2024-12-18,1207.0
2024-12-19,1218.0
2024-12-20,1186.0
2024-12-21,1186.0
2024-12-23,1214.0
2024-12-24,1231.0
2024-12-25,1241.0
2024-12-26,1269.0
2024-12-27,1306.0
2024-12-28,1297.0
2024-12-30,1319.0
2024-12-31,1419.0
2025-01-02,1419.0
2025-01-03,1538.0
2025-01-04,1620.0
2025-01-06,1600.0
2025-01-07,1525.0
2025-01-08,1489.0
2025-01-09,1449.0
2025-01-10,1459.0
2025-01-11,1466.0
2025-01-13,1468.0
2025-01-14,1486.0
2025-01-15,1424.0
2025-01-16,1401.0
2025-01-17,1406.0
2025-01-18,1388.0
2025-01-20,1439.0
2025-01-21,1399.0
2025-01-22,1397.0
2025-01-23,1388.0
2025-01-24,1374.0
2025-01-25,1369.0
2025-01-27,1474.0
2025-01-28,1474.0
2025-02-01,1537.0
2025-02-03,1523.0
2025-02-04,1490.0
2025-02-05,1569.0
2025-02-06,1477.0
2025-02-07,1451.0
2025-02-08,1444.0
2025-02-10,1556.0
2025-02-11,1608.0
2025-02-13,1577.0
2025-02-14,1581.0
2025-02-15,1567.0
2025-02-17,1588.0
2025-02-18,1539.0
2025-02-19,1552.0
2025-02-20,1526.0
2025-02-21,1536.0
2025-02-22,1554.0
2025-02-24,1667.0
2025-02-25,1638.0
2025-02-26,1749.0
2025-02-27,1788.0
2025-02-28,1778.0
2025-03-01,1860.0
2025-03-03,1922.0
2025-03-04,1841.0
2025-03-06,2071.0
2025-03-07,2116.0
2025-03-08,2076.0
2025-03-10,1935.0
2025-03-11,1717.0
2025-03-12,1653.0
2025-03-13,1444.0
2025-03-14,1474.0
2025-03-15,1617.0
2025-03-17,1810.0
2025-03-18,1840.0
2025-03-19,1801.0
2025-03-20,1715.0
2025-03-21,1768.0
2025-03-22,1721.0
2025-03-24,1864.0
2025-03-25,2038.0
2025-03-26,2066.0
2025-03-27,2093.0
2025-03-28,1873.0
2025-03-29,1697.0
2025-03-31,1660.0
2025-04-01,1504.0
2025-04-02,1448.0
2025-04-03,1452.0
2025-04-04,1676.0
2025-04-05,1770.0
2025-04-07,1700.0
2025-04-08,1595.0
2025-04-09,1476.0
2025-04-10,1355.0
2025-04-11,1322.0
2025-04-12,1318.0
2025-04-14,1449.0
2025-04-15,1501.0
2025-04-16,1593.0
2025-04-17,1542.0
2025-04-18,1479.0
2025-04-19,1325.0
2025-04-21,1309.0
2025-04-22,1225.0
2025-04-23,1183.0
2025-04-24,1132.0
2025-04-25,1198.0
2025-04-26,1170.0
2025-04-28,977.0
2025-04-29,912.0
2025-04-30,965.0
2025-05-01,1055.0
2025-05-02,996.0
2025-05-03,1005.0
2025-05-05,1050.0
2025-05-06,1007.0
2025-05-07,942.0
2025-05-08,986.0
2025-05-09,1036.0
2025-05-10,1107.0
2025-05-12,981.0
2025-05-13,953.0
2025-05-14,770.0
2025-05-15,788.0
2025-05-16,750.0
2025-05-17,741.0
2025-05-19,754.0
2025-05-20,728.0
2025-05-21,642.0
2025-05-22,613.0
2025-05-23,618.0
2025-05-24,664.0
2025-05-26,556.0
2025-05-27,632.0
2025-05-28,647.0
2025-05-29,598.0
2025-05-30,635.0
2025-05-31,683.0
2025-06-02,684.0
2025-06-03,660.0
2025-06-04,661.0
2025-06-05,618.0
2025-06-06,587.0
2025-06-07,655.0
2025-06-09,622.0
2025-06-10,612.0
2025-06-11,602.0
2025-06-12,606.0
2025-06-13,661.0
2025-06-14,746.0
2025-06-16,793.0
2025-06-17,826.0
2025-06-18,884.0
2025-06-19,1025.0
2025-06-20,1044.0
2025-06-21,967.0
2025-06-23,879.0
2025-06-24,903.0
2025-06-25,865.0
2025-06-26,871.0
2025-06-27,829.0
2025-06-28,808.0
2025-06-30,778.0
2025-07-01,780.0
2025-07-02,847.0
2025-07-03,887.0
2025-07-04,931.0
2025-07-05,932.0
2025-07-07,928.0
2025-07-08,867.0
2025-07-09,849.0
2025-07-10,886.0
2025-07-11,841.0
2025-07-12,844.0
2025-07-14,858.0
2025-07-15,973.0
2025-07-16,963.0
2025-07-17,971.0
2025-07-18,1042.0
2025-07-19,1081.0
2025-07-21,1183.0
2025-07-22,1120.0
2025-07-23,1130.0
2025-07-24,1075.0
2025-07-25,1035.0
2025-07-26,1035.0
2025-07-28,1017.0
2025-07-29,1038.0
2025-07-30,1083.0
2025-07-31,1108.0
2025-08-01,1088.0
2025-08-04,1097.0
2025-08-05,1135.0
2025-08-06,1105.0
2025-08-07,1179.0
2025-08-08,1155.0
2025-08-09,1149.0
2025-08-11,1149.0
2025-08-12,1101.0
2025-08-13,1099.0
2025-08-14,1104.0
2025-08-15,1121.0
2025-08-16,1105.0
2025-08-18,1091.0
2025-08-19,993.0
2025-08-20,1053.0
2025-08-21,1065.0
2025-08-22,1050.0
2025-08-23,1051.0
2025-08-25,1073.0
2025-08-26,1036.0
2025-08-27,1020.0
2025-08-28,1032.0
2025-08-29,1039.0
2025-08-30,1051.0
2025-09-01,1027.0
2025-09-02,1023.0
2025-09-03,1045.0
2025-09-04,1089.0
2025-09-05,1057.0
2025-09-06,1102.0
2025-09-08,1145.0
2025-09-09,1130.0
2025-09-10,1135.0
2025-09-11,1122.0
2025-09-12,1122.0
2025-09-13,1093.0
2025-09-15,1054.0
2025-09-16,1035.0
2025-09-17,1017.0
2025-09-18,1033.0
2025-09-19,1053.0
2025-09-20,1074.0
2025-09-22,1079.0
2025-09-23,1067.0
2025-09-24,1069.0
2025-09-25,1068.0
2025-09-26,1059.0
2025-09-27,1078.0
2025-09-29,1106.0
2025-09-30,1118.0
2025-10-01,1107.0
2025-10-02,1089.0
2025-10-03,1078.0
2025-10-04,1096.0
2025-10-09,1074.0
2025-10-10,1135.0
2025-10-11,1151.0
2025-10-13,1118.0
2025-10-14,1110.0
2025-10-15,1077.0
2025-10-16,1063.0
2025-10-17,1105.0
2025-10-18,1116.0
2025-10-20,1118.0
2025-10-21,1115.0
2025-10-22,1116.0
2025-10-23,1088.0
2025-10-24,1078.0
2025-10-25,1071.0
2025-10-27,1075.0
2025-10-28,1059.0
2025-10-29,1043.0
2025-10-30,1032.0
2025-10-31,1076.0
2025-11-03,1073.0
2025-11-04,1076.0
2025-11-05,1058.0
2025-11-06,1040.0
2025-11-07,1042.0
2025-11-08,1023.0
2025-11-10,1030.0
2025-11-11,1036.0
2025-11-12,1061.0
2025-11-13,1047.0
2025-11-14,1041.0
2025-11-15,1049.0
2025-11-17,1070.0
2025-11-18,1081.0
2025-11-19,1080.0
2025-11-20,1049.0
2025-11-21,1055.0
2025-11-22,1069.0
2025-11-24,1067.0
2025-11-25,1052.0
2025-11-26,1038.0
2025-11-27,1038.0
2025-11-28,1030.0
2025-11-29,1020.0
2025-12-01,1024.0
2025-12-02,1013.0
2025-12-03,1017.0
2025-12-04,991.0
2025-12-05,1000.0
2025-12-06,1026.0
2025-12-08,1040.0
2025-12-09,1036.0
2025-12-10,1051.0
2025-12-11,1062.0
2025-12-12,1096.0
2025-12-15,1103.0
2025-12-16,1095.0
2025-12-17,1078.0
2025-12-18,1066.0
2025-12-19,1039.0
2025-12-20,1032.0
2025-12-22,1024.0
2025-12-23,1023.0
2025-12-24,1008.0
2025-12-25,1054.0
2025-12-26,1004.0
2025-12-27,1071.0
2025-12-29,1111.0
2025-12-30,1127.0
2025-12-31,1115.0
2026-01-03,1099.0
2026-01-05,1093.0
2026-01-06,1090.0
2026-01-07,1083.0
2026-01-08,1054.0
2026-01-09,1062.0
2026-01-10,1087.0
2026-01-12,1086.0
2026-01-13,1082.0
2026-01-14,1057.0
2026-01-15,1048.0
2026-01-16,1032.0
2026-01-17,1043.0
2026-01-19,1039.0
2026-01-20,1039.0
2026-01-21,1043.0
2026-01-22,1007.0
2026-01-23,1047.0
2026-01-24,1040.0
2026-01-26,1049.0
2026-01-27,1038.0
2026-01-28,1024.0
2026-01-29,1007.0
2026-01-30,973.0
2026-01-31,988.0
2026-02-02,998.0
2026-02-03,968.0
2026-02-04,979.0
2026-02-05,1010.0
2026-02-06,975.0
2026-02-07,973.0
2026-02-09,993.0
2026-02-10,1004.0
2026-02-11,999.0
2026-02-12,1033.0
2026-02-13,1048.0
2026-02-14,1137.0
2026-02-16,1137.0
2026-02-20,1016.0
2026-02-21,993.0
2026-02-23,1000.0
2026-02-24,987.0
2026-02-25,944.0
2026-02-26,924.0
2026-02-27,924.0
2026-02-28,937.0
2026-03-02,937.0
2026-03-03,919.0
2026-03-04,828.0
2026-03-05,787.0
2026-03-06,704.0
2026-03-09,674.0
2026-03-10,631.0
2026-03-11,622.0
2026-03-12,585.0
2026-03-13,579.0
2026-03-14,589.0
2026-03-16,574.0
2026-03-17,606.0
2026-03-18,595.0
2026-03-19,620.0
2026-03-20,675.0
2026-03-21,754.0
2026-03-23,864.0
2026-03-24,819.0
2026-03-25,747.0
2026-03-26,694.0
2026-03-27,818.0
2026-03-28,767.0
2026-03-30,708.0
2026-03-31,760.0
2026-04-01,771.0
2026-04-02,982.0
2026-04-03,1039.0
2026-04-06,1068.0
2026-04-07,1063.0
2026-04-08,951.0
2026-04-09,838.0
2026-04-10,833.0
2026-04-11,809.0
2026-04-13,660.0
2026-04-14,571.0
2026-04-15,548.0
2026-04-16,614.0
2026-04-17,705.0
2026-04-18,662.0
2026-04-20,670.0
2026-04-21,697.0
2026-04-22,646.0
2026-04-23,670.0
2026-04-24,620.0
2026-04-25,607.0
2026-04-27,555.0
2026-04-28,479.0
2026-04-29,516.0
2026-04-30,525.0
2026-05-01,490.0
2026-05-02,528.0
2026-05-04,520.0
2026-05-05,500.0
2026-05-06,484.0
2026-05-07,475.0
2026-05-08,482.0
2026-05-09,467.0
2026-05-11,440.0
2026-05-12,478.0
2026-05-13,478.0
2026-05-14,526.0
2026-05-15,494.0
2026-05-16,653.0
2026-05-18,598.0
2026-05-19,557.0
2026-05-20,599.0
2026-05-21,586.0
2026-05-22,571.0
2026-05-23,652.0
2026-05-25,649.0
2026-05-26,671.0
2026-05-27,679.0
2026-05-28,713.0
2026-05-29,779.0
2026-05-30,752.0
2026-06-01,723.0
2026-06-02,659.0
2026-06-04,678.0
2026-06-05,683.0
2026-06-06,683.0
2026-06-08,612.0
2026-06-09,612.0
2026-06-10,651.0
2026-06-11,624.0
2026-06-12,612.0
2026-06-13,634.0
2026-06-15,624.0
2026-06-16,686.0
2026-06-17,682.0
2026-06-18,727.0
2026-06-19,734.0
2026-06-20,693.0
2026-06-22,691.0
2026-06-23,689.0
2026-06-24,743.0
2026-06-25,821.0
2026-06-26,828.0
2026-06-27,831.0
2026-06-29,845.0
2026-06-30,860.0
2026-07-01,818.0
2026-07-02,783.0
2026-07-03,867.0
2026-07-04,903.0
2026-07-06,1115.0
2026-07-07,1208.0
2026-07-09,1022.0
2026-07-10,998.0
2026-07-11,963.0
2026-07-13,901.0
2026-07-14,894.0
2026-07-15,936.0
2026-07-16,1004.0
2026-07-17,973.0
2026-07-18,1033.0
2026-07-20,1118.0
2026-07-21,1113.0
2026-07-22,1071.0
2026-07-23,1081.0
2026-07-24,1167.0
2026-07-25,1176.0
2026-07-27,1179.0
2026-07-28,1266.0
2026-07-29,1214.0
2026-07-30,1168.0
2026-07-31,1151.0
2026-08-03,1165.0
2026-08-04,1136.0
2026-08-05,1136.0
2026-08-06,1223.0
2026-08-07,1263.0
2026-08-08,1198.0
2026-08-10,1186.0
2026-08-11,1187.0
2026-08-12,1154.0
2026-08-13,1112.0
2026-08-14,1121.0
2026-08-15,1126.0
2026-08-17,1106.0
2026-08-18,1076.0
2026-08-19,1081.0
2026-08-20,1136.0
2026-08-21,1164.0
2026-08-22,1183.0
2026-08-24,1130.0
2026-08-25,1122.0
2026-08-26,1125.0
2026-08-27,1111.0
2026-08-28,1091.0
2026-08-29,1108.0
2026-08-31,1171.0
2026-09-01,1216.0
2026-09-02,1201.0
2026-09-03,1237.0
2026-09-04,1262.0
2026-09-05,1252.0
2026-09-07,1230.0
2026-09-08,1257.0
2026-09-09,1251.0
2026-09-10,1213.0
2026-09-11,1183.0
2026-09-12,1156.0
2026-09-14,1135.0
2026-09-15,1089.0
2026-09-16,1111.0
2026-09-17,1160.0
2026-09-18,1147.0
2026-09-19,1121.0
2026-09-21,1140.0
2026-09-22,1185.0
2026-09-23,1288.0
2026-09-24,1288.0
2026-09-28,1234.0
