DATE,pred,act
201401상,68197.41677302122,68058
201401중,70259.27089583874,78756
201401하,81096.90241795778,85480
201402상,88779.61697101593,58809
201402중,54108.081591680646,48561
201402하,56727.27350717783,51041
201403상,66653.18277791142,81936
201403중,94637.67953109741,105184
201403하,116768.15342521667,144360
201404상,179340.91094970703,186111
201404중,217950.08101469278,213640
201404하,145752.86102950573,106352
201405상,66856.6153190136,52248
201405중,43122.482026934624,40546
201405하,41824.10333067179,50286
201406상,56792.18339771032,49160
201406중,46717.18645572662,50978
201406하,52840.21965378523,41621
201407상,35969.51614357531,33543
201407중,30895.417339235544,43746
201407하,37425.097931832075,27333
201408상,22849.583878934383,26642
201408중,21594.262321442366,23806
201408하,26737.064484119415,22823
201409상,29007.777203947306,33942
201409중,48106.08109116554,31381
201409하,38845.14699882269,50414
201410상,53604.88235259056,47151
201410중,55253.04900276661,73736
201410하,81031.70023965836,77369
201411상,83934.50544121861,85657
201411중,88989.18645828962,73734
201411하,66990.2319971323,79589
201412상,92615.75885039568,86147
201412중,81882.21100974083,94965
201412하,100259.04521137476,124489
201501상,142168.41789647937,154405
201501중,97764.23555277288,157506
201501하,169853.0599860549,154374
201502상,163366.65510213375,175879
201502중,158323.9685177952,173102
201502하,133765.520614177,74575
201503상,75726.08366534114,85267
201503중,87776.02680513263,86208
201503하,116389.74286651611,127341
201504상,144300.97929766774,152028
201504중,167273.56066596508,175858
201504하,168833.77034783363,112493
201505상,54638.23355692625,64217
201505중,51329.354302600026,39486
201505하,44186.70576810837,69076
201506상,84880.16257894039,96576
201506중,67526.12957954407,51255
201506하,46116.07418574393,55626
201507상,47792.53881749511,43501
201507중,40064.790000513196,32240
201507하,32540.234377384186,30087
201508상,26633.864940941334,26398
201508중,25196.329403430223,22143
201508하,21689.341278925538,20222
201509상,22761.947287619114,21148
201509중,26859.356881976128,26152
201509하,32758.937075138092,36751
201510상,48505.01100987196,31277
201510중,35437.52102783322,41408
201510하,46022.515045166016,34808
201511상,41886.40830993652,37629
201511중,35574.26145654917,32627
201511하,31260.668375313282,26668
201512상,30559.27874839306,29328
201512중,36230.87659263611,41992
201512하,51211.887301921844,34088
201601상,36379.24712061882,38942
201601중,39376.45291739702,38273
201601하,49145.703291386366,63615
201602상,75699.82126235962,101250
201602중,111045.0917109847,73787
201602하,66694.29230216146,51193
201603상,66590.436830163,82499
201603중,98611.12951806188,82539
201603하,87525.39441400766,78291
201604상,96626.32060781121,93759
201604중,84059.99327673018,66832
201604하,44554.300516843796,40675
201605상,40271.69669941068,42233
201605중,46963.43031531572,41200
201605하,41173.37394952774,40285
201606상,37510.278784930706,50193
201606중,49759.709128305316,35192
201606하,37566.64910721779,32294
201607상,33214.35175150633,35199
201607중,31500.276716932654,31157
201607하,29084.7727894634,27662
201608상,28589.27017301321,21399
201608중,26568.839110940695,19260
201608하,23042.965664863586,20717
201609상,28513.09064054489,25807
201609중,32955.09548279643,39611
201609하,53055.67317572236,28409
201610상,43539.8438077867,57389
201610중,74553.29802176356,63932
201610하,81204.62486767769,100006
201611상,100068.26078689098,139807
201611중,141179.06299953163,160399
201611하,136594.21430155635,96967
201612상,101896.70020246506,128863
201612중,158947.97161906958,175710
201612하,160873.72436374426,145298
201701상,89127.23261290789,91519
201701중,88479.6040609181,79952
201701하,84532.69691133499,95090
201702상,96828.89128178358,63474
201702중,53533.34460738301,47142
201702하,45042.72017598152,41871
201703상,56362.28491741419,81613
201703중,83593.24144333601,91620
201703하,84181.25979691744,82349
201704상,77159.70544606447,107948
201704중,86169.5091959238,100521
201704하,55046.697231933475,54930
201705상,39058.015995919704,40546
201705중,37103.77181279659,44278
201705하,54500.73934829235,80237
201706상,58959.00454327464,69074
201706중,47838.591563373804,44252
201706하,46505.383481264114,44579
201707상,45810.61420074105,46606
201707중,40928.75488319993,32158
201707하,27164.77669581771,37090
201708상,34599.623825103045,31030
201708중,31400.146864652634,28430
201708하,31770.14562189579,33634
201709상,46735.430071115494,60267
201709중,61156.85089695454,65237
201709하,65373.21358445287,89675
201710상,97449.57862049341,152557
201710중,113540.49034534395,64773
201710하,87905.59711378813,70430
201711상,61127.922290712595,71697
201711중,65516.01035369933,58843
201711하,51332.62705586851,59667
201712상,64467.49278947711,77140
201712중,67190.8268135786,78289
201712하,73083.3676636666,58662
201801상,43460.151011914015,43262
201801중,33742.100539177656,33163
201801하,40533.411013901234,35065
201802상,41761.05176091194,37600
201802중,43933.438658714294,42730
201802하,61029.24410969019,40911
201803상,68386.27829307318,80031
201803중,94342.27095124125,105473
201803하,137935.5394089818,163534
201804상,174563.05026626587,137143
201804중,87664.88760176301,107685
201804하,77104.86434139311,86940
201805상,68637.4871313572,88369
201805중,64276.90632113814,59073
201805하,51300.21455772221,44135
201806상,45110.626904666424,60454
201806중,61651.00225561857,55845
201806하,45947.51572832465,59889
201807상,45887.08691458404,59681
201807중,66487.70525705814,50453
201807하,39755.41991208494,50768
201808상,41997.94847750664,46848
201808중,40008.095764160156,43357
201808하,46946.41435649991,40258
201809상,48739.52456510067,33618
201809중,43228.21387445927,55919
201809하,61659.576230973005,55062
201810상,67044.31266707182,62575
201810중,91587.17630133033,86615
201810하,105476.84483960271,114367
201811상,120278.92474976182,123091
201811중,114449.33911271393,73379
201811하,58059.01507182419,56808
201812상,56295.12114357948,51802
201812중,47632.25436535478,42591
201812하,40530.24169032276,38844
201901상,45795.07984650135,44388
201901중,41189.847676455975,45838
201901하,56387.52892011404,57953
201902상,67194.12712943554,80999
201902중,66621.55240868032,52629
201902하,65058.192981004715,62141
201903상,79107.66359937191,78235
201903중,83783.43245461583,69015
201903하,60404.725491553545,69553
201904상,60597.5757817477,62469
201904중,69698.22568926215,61441
201904하,69999.71046665311,59410
201905상,52683.21521937847,54180
201905중,47069.25881177187,41830
201905하,34669.470376968384,39473
201906상,53499.30303776264,58513
201906중,67630.6934196055,66855
201906하,71297.38124415278,58502
201907상,46843.22490811348,40067
201907중,49531.815493285656,43086
201907하,42691.026115715504,32937
201908상,32357.89089140296,31154
201908중,32458.79858624935,24364
201908하,25794.942889928818,21304
201909상,25043.899081230164,32305
201909중,44934.26986530423,24810
201909하,37544.961949288845,39357
201910상,61756.31171116233,76778
201910중,66805.52449420094,59317
201910하,67338.70689719915,57145
201911상,69014.07350733876,65467
201911중,72226.44608533382,77930
201911하,87187.85053908825,72404
201912상,80199.70050096512,72799
201912중,78265.37646090984,63319
201912하,55610.45540249348,54974
202001상,49231.82057863474,47186
202001중,52456.15581011772,57000
202001하,68304.74969744682,66500
202002상,59867.09289997816,39467
202002중,49112.26880887151,58165
202002하,72101.68085128069,75161
202003상,101972.95387154818,91086
202003중,134445.35839927197,116695
202003하,136807.2150811553,112732
202004상,102840.48230177164,121487
202004중,100247.39645940065,101010
202004하,70757.11932823062,61243
202005상,55859.14451041818,46705
202005중,34696.107475832105,35356
202005하,43067.45378637314,50496
202006상,63859.028354644775,50662
202006중,52396.525329470634,58150
202006하,45594.043965637684,41577
202007상,46106.069002211094,50369
202007중,38529.868988364935,37689
202007하,35714.68017862737,41586
202008상,43945.028864979744,50705
202008중,42008.892408683896,47723
202008하,45632.52085676789,45162
202009상,53654.86627435684,40427
202009중,53981.39593231678,57045
202009하,65684.15460169315,129302
202010상,160410.59941643476,155975
202010중,131154.31830771267,178341
202010하,185680.8223748803,197283
202011상,196976.72846500576,180463
202011중,125463.10992485285,131156
202011하,85502.47369295359,60442
202012상,59195.51823595166,48709
202012중,50771.298920840025,61297
202012하,58599.44060730934,57722
202101상,47401.76474606991,42699
202101중,36342.91116191447,44770
202101하,49267.42176324129,45361
202102상,52771.13374039531,74551
202102중,88937.12037166953,50770
202102하,58353.91963273287,62563
202103상,88666.36435064673,97039
202103중,108875.35850635171,128112
202103하,147268.62471199036,140872
202104상,148989.50489330292,170402
202104중,151687.42765679955,125406
202104하,81196.9420415461,89755
202105상,89075.22844567895,101305
202105중,69271.45899422467,58291
202105하,50416.2598567754,73048
202106상,82484.5746114254,57885
202106중,51966.15209005773,45216
202106하,50837.4054107666,62639
202107상,64441.810991734266,61830
202107중,49876.54768869281,70311
202107하,54483.00829973817,49195
202108상,45972.37239859998,38692
202108중,38085.2119948864,28092
202108하,29303.79243671894,25133
202109상,30185.7210855484,29798
202109중,33775.5484161973,43889
202109하,47937.897782966495,32981
202110상,37150.16285845637,33619
202110중,46932.488628298044,41747
202110하,49181.13002204895,58482
202111상,66128.1032320261,62231
202111중,54757.60454058647,43523
202111하,53060.094226926565,56365
202112상,69525.2332687378,68413
202112중,77313.02035358548,64285
202112하,69157.42376744747,60250
202201상,57351.41868889332,55310
202201중,53342.61200249195,52609
202201하,66646.6122919023,95525
202202상,103060.66223531961,72869
202202중,64961.16156707704,66047
202202하,75622.72917720675,100707
202203상,115689.01277133822,136237
202203중,142487.60496121645,121355
202203하,139365.51886752248,143105
202204상,144592.02067553997,130187
202204중,103458.02936255932,78710
202204하,61020.86366638541,70747
202205상,70973.14965498447,87323
202205중,103356.12031665444,103685
202205하,77068.96067395806,62100
202206상,55548.32058995962,74091
202206중,68913.734459728,70269
202206하,60720.26027664542,44823
202207상,40343.05800622702,50339
202207중,52934.356551259756,41855
202207하,44598.19232553244,37746
202208상,47596.717475652695,40323
202208중,44999.21327072382,46041
202208하,46860.16839556396,41710
202209상,46728.10062229633,52559
202209중,48559.673272266984,55744
202209하,88077.32656478882,93342
202210상,133020.2125031948,124947
202210중,112802.81177817285,100433
202210하,117542.75679427385,128759
202211상,102579.10658761859,79709
202211중,66944.71131575108,64548
202211하,70891.48200702667,63037
202212상,73903.0137411058,81215
202212중,73324.05889876187,93553
202212하,86435.88000772893,108639
202301상,89066.4422506839,92146
202301중,95579.09320765734,94656
202301하,81281.81876564026,73299
202302상,78568.70514839888,54471
202302중,65422.882283359766,75151
202302하,96861.02331328392,114893
202303상,138350.68195945024,150925
202303중,167240.2844183147,191964
202303하,207103.22209703922,212737
202304상,167497.78249062598,207382
202304중,174844.21772748232,196845
202304하,166041.11937493086,139075
202305상,84499.20385815203,61180
202305중,63008.72130274773,106633
202305하,109762.35256242752,94690
202306상,64549.29312184453,72625
202306중,93697.01725244522,105622
202306하,91988.6036696136,96997
202307상,73798.5917468816,60148
202307중,60564.22116744518,59801
202307하,62889.414374411106,56296
202308상,43856.19711112976,40199
202308중,34929.52572825551,38475
202308하,41761.6507910192,39214
202309상,46773.182442069054,42928
202309중,61758.94214582443,82278
202309하,67002.62536928058,102483
202310상,105237.36238454282,87270
202310중,107878.64634275436,106710
202310하,115172.50861108303,88442
202311상,78404.23504033685,58507
202311중,55843.42351953685,52809
202311하,66984.41256344318,71273
202312상,82952.65780580044,80852
202312중,78953.28435719013,77846
202312하,69409.09538900852,69448
202401상,57533.04651594162,54157
202401중,52289.868092536926,48787
202401하,56406.76420915127,64385
202402상,86789.41935256124,76869
202402중,76178.44559714198,91038
202402하,112478.81714075804,152950
202403상,200925.51797181368,165036
202403중,143267.7298643589,144570
202403하,188953.1467267871,184237
202404상,179711.17483977973,241446
202404중,190918.49832817912,185788
202404하,198250.61309158802,212559
202405상,192180.55308392644,139545
202405중,92663.1872163713,81093
202405하,102868.48609694839,136484
202406상,84794.14899855852,78837
202406중,68566.7838473618,77378
202406하,76943.27494314313,70462
202407상,54623.59201109409,45248
202407중,44960.67539310455,48694
202407하,47471.76934337616,44104
202408상,45645.04521346092,39747
202408중,39704.34958027303,35345
202408하,37545.938963890076,42926
202409상,51679.02629464865,54235
202409중,67105.2552857995,89893
202409하,94150.85783714056,96554
202410상,103628.7900313139,114740
202410중,125243.32796394825,118733
202410하,103970.7333688438,76642
202411상,78372.9039594233,94520
202411중,112684.36136722565,97987
202411하,107348.4868991077,135503
202412상,126538.79277142882,193900
202412중,198818.27830970287,246877
202412하,216353.9957034588,208514
202501상,118618.24637010694,126428
202501중,88062.6713013649,78414
202501하,86929.3834193945,93016
202502상,74427.34766590595,65046
202502중,82611.85382008553,65853
202502하,87916.77006062865,72393
202503상,112605.689127177,104760
202503중,119678.66035580635,112784
202503하,140348.37538003922,108774
202504상,125894.79550337791,159360
202504중,200007.43766784668,155250
202504하,121395.4097405076,81644
202505상,70209.8787329793,92296
202505중,87253.8602232933,69639
202505하,58669.27923832834,57202
202506상,69883.64150673151,78382
202506중,83379.53217256069,101642
202506하,75359.46776005626,69654
202507상,54704.080482423306,70078
202507중,73338.87820535898,73154
202507하,55407.731728076935,47540
202508상,46345.4797232151,49113
202508중,47023.49006344378,38361
202508하,43708.999195575714,43135
202509상,47934.77459475398,39778
202509중,50845.508081018925,58701
202509하,63012.29274380207,61954
202510상,65126.20558512211,94607
202510중,81312.16398784518,56439
202510하,62654.09286904335,79064
202511상,94496.87308239937,152850
202511중,158615.05934000015,179881
202511하,161709.80050426722,206829
202512상,198851.87016530335,169885
202512중,127241.4318998158,110832
202512하,72250.21244215965,56471
202601상,42247.08255456388,40961
202601중,40417.46133971214,41392
202601하,44150.174946308136,38404
202602상,43664.37265121937,58607
202602중,70101.06736245751,84254
202602하,86712.5673110187,87503
202603상,121525.24038913846,153045
202603중,163906.5897886455,139308
202603하,113572.56087237597,106159
202604상,135635.99826344848,117486
202604중,104210.00607660413,94390
202604하,102407.59503126144,93112
202605상,99841.10766983032,125483
202605중,77277.14816872776,65225
202605하,62935.83491370082,87715
202606상,99250.74640572071,80926
202606중,54141.19308164716,58067
202606하,67203.0293161869,56199
202607상,66842.2022190392,65678
202607중,51755.53448906541,77690
202607하,66946.25777512789,48109
202608상,46936.78942579031,39925
202608중,35492.80021563172,37644
202608하,33856.95061683655,33710
202609상,50195.31293421984,59652
202609중,76202.1822309494,109496
